suspension_id,edition,team_id,team,player_id,player,trigger_type,trigger_card_id,trigger_match_number,trigger_match_id,trigger_stage,service_match_number,service_match_id,service_stage,service_nominal_minutes,service_status,lineup_status,rule_source_url,lineup_source_url,lineup_source_archive,audit_note,decision_type,decision_status,decision_source_url,decision_source_archive,decision_note
2014-external-43926-200219-service-M5,2014,43926,Colombia,200219,Fredy GUARIN,external,,,,,5,300186471,group,90,served,absent,https://www.fifa.com/en/tournaments/mens/worldcup/canadamexicousa2026/articles/yellow-cards-reset-group-stage-quarter-final,https://api.fifa.com/api/v3/live/football/17/251164/255931/300186471?language=en,data/raw/2014/fifa/live/m005_300186471.json,The sourced service match is confirmed by an absent official lineup record.,carry_in_suspension,served,https://www.eltiempo.com/archivo/documento/CMS-13551137,data/raw/manual/sanction-decisions.csv,FIFA announced a one-match suspension carried from Colombia's final qualifier into its opening World Cup match
2014-007-207924-dismissal-service-M23,2014,43930,Uruguay,286481,M. PEREIRA,dismissal,2014-007-207924,7,300186489,group,23,300186486,group,90,served,absent,https://www.fifa.com/en/tournaments/mens/worldcup/canadamexicousa2026/articles/yellow-cards-reset-group-stage-quarter-final,https://api.fifa.com/api/v3/live/football/17/251164/255931/300186486?language=en,data/raw/2014/fifa/live/m023_300186486.json,Next observed official lineup records the player as absent.,,,,,
2014-010-207985-dismissal-service-M26,2014,43909,Honduras,209827,W. Palacios,dismissal,2014-010-207985,10,300186496,group,26,300186463,group,90,served,absent,https://www.fifa.com/en/tournaments/mens/worldcup/canadamexicousa2026/articles/yellow-cards-reset-group-stage-quarter-final,https://api.fifa.com/api/v3/live/football/17/251164/255931/300186463?language=en,data/raw/2014/fifa/live/m026_300186463.json,Next observed official lineup records the player as absent.,,,,,
2014-013-208037-dismissal-service-M30,2014,43963,Portugal,275931,Pepe,dismissal,2014-013-208037,13,300186475,group,30,300186483,group,90,served,absent,https://www.fifa.com/en/tournaments/mens/worldcup/canadamexicousa2026/articles/yellow-cards-reset-group-stage-quarter-final,https://api.fifa.com/api/v3/live/football/17/251164/255931/300186483?language=en,data/raw/2014/fifa/live/m030_300186483.json,Next observed official lineup records the player as absent.,,,,,
2014-018-208174-dismissal-service-M33,2014,43849,Cameroon,200261,Alexandre SONG,dismissal,2014-018-208174,18,300186453,group,33,300186472,group,90,served,absent,https://www.fifa.com/en/tournaments/mens/worldcup/canadamexicousa2026/articles/yellow-cards-reset-group-stage-quarter-final,https://api.fifa.com/api/v3/live/football/17/251164/255931/300186472?language=en,data/raw/2014/fifa/live/m033_300186472.json,Next observed official lineup records the player as absent.,,,,,
2014-020-208139-accumulation-service-M35,2014,43976,Australia,213001,CAHILL,accumulation,2014-020-208139,20,300186478,group,35,300186467,group,90,served,absent,https://www.fifa.com/en/tournaments/mens/worldcup/canadamexicousa2026/articles/yellow-cards-reset-group-stage-quarter-final,https://api.fifa.com/api/v3/live/football/17/251164/255931/300186467?language=en,data/raw/2014/fifa/live/m035_300186467.json,Next observed official lineup records the player as absent.,,,,,
2014-020-208142-accumulation-service-M36,2014,43960,Netherlands,217315,Robin VAN PERSIE,accumulation,2014-020-208142,20,300186478,group,36,300186470,group,90,served,absent,https://www.fifa.com/en/tournaments/mens/worldcup/canadamexicousa2026/articles/yellow-cards-reset-group-stage-quarter-final,https://api.fifa.com/api/v3/live/football/17/251164/255931/300186470?language=en,data/raw/2014/fifa/live/m036_300186470.json,Next observed official lineup records the player as absent.,,,,,
2014-021-208199-accumulation-service-M38,2014,43854,Côte d'Ivoire,176971,Didier ZOKORA,accumulation,2014-021-208199,21,300186468,group,38,300186455,group,90,served,absent,https://www.fifa.com/en/tournaments/mens/worldcup/canadamexicousa2026/articles/yellow-cards-reset-group-stage-quarter-final,https://api.fifa.com/api/v3/live/football/17/251164/255931/300186455?language=en,data/raw/2014/fifa/live/m038_300186455.json,Next observed official lineup records the player as absent.,,,,,
2014-022-208235-dismissal-service-M38,2014,43949,Greece,214887,KATSOURANIS,dismissal,2014-022-208235,22,300186454,group,38,300186455,group,90,served,absent,https://www.fifa.com/en/tournaments/mens/worldcup/canadamexicousa2026/articles/yellow-cards-reset-group-stage-quarter-final,https://api.fifa.com/api/v3/live/football/17/251164/255931/300186455?language=en,data/raw/2014/fifa/live/m038_300186455.json,Next observed official lineup records the player as absent.,,,,,
2014-025-208287-accumulation-service-M42,2014,43946,France,358013,Cabaye,accumulation,2014-025-208287,25,300186514,group,42,300186515,group,90,served,absent,https://www.fifa.com/en/tournaments/mens/worldcup/canadamexicousa2026/articles/yellow-cards-reset-group-stage-quarter-final,https://api.fifa.com/api/v3/live/football/17/251164/255931/300186515?language=en,data/raw/2014/fifa/live/m042_300186515.json,Next observed official lineup records the player as absent.,,,,,
2014-029-208349-accumulation-service-M46,2014,43860,Ghana,183000,Sulley MUNTARI,accumulation,2014-029-208349,29,300186493,group,46,300186476,group,90,served,absent,https://www.fifa.com/en/tournaments/mens/worldcup/canadamexicousa2026/articles/yellow-cards-reset-group-stage-quarter-final,https://api.fifa.com/api/v3/live/football/17/251164/255931/300186476?language=en,data/raw/2014/fifa/live/m046_300186476.json,Next observed official lineup records the player as absent.,,,,,
2014-034-208494-accumulation-service-M51,2014,43911,Mexico,379264,Vázquez,accumulation,2014-034-208494,34,300186452,group,51,300186508,round_of_16,90,served,absent,https://www.fifa.com/en/tournaments/mens/worldcup/canadamexicousa2026/articles/yellow-cards-reset-group-stage-quarter-final,https://api.fifa.com/api/v3/live/football/17/251164/255951/300186508?language=en,data/raw/2014/fifa/live/m051_300186508.json,Next observed official lineup records the player as absent.,,,,,
2014-047-208708-dismissal-service-M56,2014,43935,Belgium,290824,Steven DEFOUR,dismissal,2014-047-208708,47,300186480,group,56,300186497,round_of_16,120,served,absent,https://www.fifa.com/en/tournaments/mens/worldcup/canadamexicousa2026/articles/yellow-cards-reset-group-stage-quarter-final,https://api.fifa.com/api/v3/live/football/17/251164/255951/300186497?language=en,data/raw/2014/fifa/live/m056_300186497.json,Next observed official lineup records the player as absent.,,,,,
2014-049-208752-accumulation-service-M57,2014,43924,Brazil,367918,Luiz Gustavo,accumulation,2014-049-208752,49,300186487,round_of_16,57,300186461,quarter_final,90,served,absent,https://www.fifa.com/en/tournaments/mens/worldcup/canadamexicousa2026/articles/yellow-cards-reset-group-stage-quarter-final,https://api.fifa.com/api/v3/live/football/17/251164/255953/300186461?language=en,data/raw/2014/fifa/live/m057_300186461.json,Next observed official lineup records the player as absent.,,,,,
2014-052-208823-dismissal-service-M59,2014,43901,Costa Rica,312987,O. DUARTE,dismissal,2014-052-208823,52,300186459,round_of_16,59,300186488,quarter_final,120,served,absent,https://www.fifa.com/en/tournaments/mens/worldcup/canadamexicousa2026/articles/yellow-cards-reset-group-stage-quarter-final,https://api.fifa.com/api/v3/live/football/17/251164/255953/300186488?language=en,data/raw/2014/fifa/live/m059_300186488.json,Next observed official lineup records the player as absent.,,,,,
2014-055-208889-accumulation-service-M60,2014,43922,Argentina,318688,M. Rojo,accumulation,2014-055-208889,55,300186503,round_of_16,60,300186504,quarter_final,90,served,absent,https://www.fifa.com/en/tournaments/mens/worldcup/canadamexicousa2026/articles/yellow-cards-reset-group-stage-quarter-final,https://api.fifa.com/api/v3/live/football/17/251164/255953/300186504?language=en,data/raw/2014/fifa/live/m060_300186504.json,Next observed official lineup records the player as absent.,,,,,
2014-057-208946-accumulation-service-M61,2014,43924,Brazil,289964,T. SILVA,accumulation,2014-057-208946,57,300186461,quarter_final,61,300186474,semi_final,90,served,absent,https://www.fifa.com/en/tournaments/mens/worldcup/canadamexicousa2026/articles/yellow-cards-reset-group-stage-quarter-final,https://api.fifa.com/api/v3/live/football/17/251164/255955/300186474?language=en,data/raw/2014/fifa/live/m061_300186474.json,Next observed official lineup records the player as absent.,,,,,
2014-059-208989-accumulation-pending,2014,43901,Costa Rica,268821,G. GONZALEZ,accumulation,2014-059-208989,59,300186488,quarter_final,,,,,pending,,https://www.fifa.com/en/tournaments/mens/worldcup/canadamexicousa2026/articles/yellow-cards-reset-group-stage-quarter-final,,,No later observed team match within the edition cutoff.,,,,,
2014-051-208811-accumulation-pending,2014,43911,Mexico,178119,R. MÁRQUEZ,accumulation,2014-051-208811,51,300186508,round_of_16,,,,,pending,,https://www.fifa.com/en/tournaments/mens/worldcup/canadamexicousa2026/articles/yellow-cards-reset-group-stage-quarter-final,,,No later observed team match within the edition cutoff.,,,,,
2014-051-208805-accumulation-pending,2014,43911,Mexico,289195,Aguilar,accumulation,2014-051-208805,51,300186508,round_of_16,,,,,pending,,https://www.fifa.com/en/tournaments/mens/worldcup/canadamexicousa2026/articles/yellow-cards-reset-group-stage-quarter-final,,,No later observed team match within the edition cutoff.,,,,,
2014-049-208748-accumulation-pending,2014,43925,Chile,349582,Silva,accumulation,2014-049-208748,49,300186487,round_of_16,,,,,pending,,https://www.fifa.com/en/tournaments/mens/worldcup/canadamexicousa2026/articles/yellow-cards-reset-group-stage-quarter-final,,,No later observed team match within the edition cutoff.,,,,,
2014-049-208745-accumulation-pending,2014,43925,Chile,349592,E. Mena,accumulation,2014-049-208745,49,300186487,round_of_16,,,,,pending,,https://www.fifa.com/en/tournaments/mens/worldcup/canadamexicousa2026/articles/yellow-cards-reset-group-stage-quarter-final,,,No later observed team match within the edition cutoff.,,,,,
2014-042-208633-dismissal-pending,2014,43927,Ecuador,202544,A. Valencia,dismissal,2014-042-208633,42,300186515,group,,,,,pending,,https://www.fifa.com/en/tournaments/mens/worldcup/canadamexicousa2026/articles/yellow-cards-reset-group-stage-quarter-final,,,No later observed team match within the edition cutoff.,,,,,
2014-050-208787-accumulation-pending,2014,43930,Uruguay,239433,Diego LUGANO,accumulation,2014-050-208787,50,300186491,round_of_16,,,,,pending,,https://www.fifa.com/en/tournaments/mens/worldcup/canadamexicousa2026/articles/yellow-cards-reset-group-stage-quarter-final,,,No later observed team match within the edition cutoff.,,,,,
2014-060-208972-accumulation-pending,2014,43935,Belgium,290864,ALDERWEIRELD,accumulation,2014-060-208972,60,300186504,quarter_final,,,,,pending,,https://www.fifa.com/en/tournaments/mens/worldcup/canadamexicousa2026/articles/yellow-cards-reset-group-stage-quarter-final,,,No later observed team match within the edition cutoff.,,,,,
2014-034-208507-dismissal-pending,2014,43938,Croatia,369058,REBIĆ,dismissal,2014-034-208507,34,300186452,group,,,,,pending,,https://www.fifa.com/en/tournaments/mens/worldcup/canadamexicousa2026/articles/yellow-cards-reset-group-stage-quarter-final,,,No later observed team match within the edition cutoff.,,,,,
2014-039-208542-dismissal-pending,2014,43954,Italy,298664,Marchisio,dismissal,2014-039-208542,39,300186465,group,,,,,pending,,https://www.fifa.com/en/tournaments/mens/worldcup/canadamexicousa2026/articles/yellow-cards-reset-group-stage-quarter-final,,,No later observed team match within the edition cutoff.,,,,,
2014-039-208536-accumulation-pending,2014,43954,Italy,301059,M. Balotelli,accumulation,2014-039-208536,39,300186465,group,,,,,pending,,https://www.fifa.com/en/tournaments/mens/worldcup/canadamexicousa2026/articles/yellow-cards-reset-group-stage-quarter-final,,,No later observed team match within the edition cutoff.,,,,,
2014-035-208462-accumulation-pending,2014,43976,Australia,197514,JEDINAK,accumulation,2014-035-208462,35,300186467,group,,,,,pending,,https://www.fifa.com/en/tournaments/mens/worldcup/canadamexicousa2026/articles/yellow-cards-reset-group-stage-quarter-final,,,No later observed team match within the edition cutoff.,,,,,
2018-016-17056800000070-dismissal-service-M31,2018,43926,Colombia,280487,C. SANCHEZ,dismissal,2018-016-17056800000070,16,300331550,group,31,300331508,group,90,served,absent,https://inside.fifa.com/tournaments/mens/worldcup/2018russia/news/a-disciplinary-reminder-for-russia-2018,https://api.fifa.com/api/v3/live/football/17/254645/275073/300331508?language=en,data/raw/2018/fifa/live/m031_300331508.json,Next observed official lineup records the player as absent.,,,,,
2018-022-17054000000590-accumulation-service-M37,2018,43941,Denmark,336133,YURARY,accumulation,2018-022-17054000000590,22,300331518,group,37,300331512,group,90,served,absent,https://inside.fifa.com/tournaments/mens/worldcup/2018russia/news/a-disciplinary-reminder-for-russia-2018,https://api.fifa.com/api/v3/live/football/17/254645/275073/300331512?language=en,data/raw/2018/fifa/live/m037_300331512.json,Next observed official lineup records the player as absent.,,,,,
2018-027-17055700001234-dismissal-service-M43,2018,43948,Germany,299442,BOATENG,dismissal,2018-027-17055700001234,27,300331501,group,43,300331532,group,90,served,absent,https://inside.fifa.com/tournaments/mens/worldcup/2018russia/news/a-disciplinary-reminder-for-russia-2018,https://api.fifa.com/api/v3/live/football/17/254645/275073/300331532?language=en,data/raw/2018/fifa/live/m043_300331532.json,Next observed official lineup records the player as absent.,,,,,
2018-030-17056400000115-accumulation-service-M46,2018,43914,Panama,267700,COOPER,accumulation,2018-030-17056400000115,30,300331546,group,46,300331520,group,90,served,absent,https://inside.fifa.com/tournaments/mens/worldcup/2018russia/news/a-disciplinary-reminder-for-russia-2018,https://api.fifa.com/api/v3/live/football/17/254645/275073/300331520?language=en,data/raw/2018/fifa/live/m046_300331520.json,Next observed official lineup records the player as absent.,,,,,
2018-030-17056400001019-accumulation-service-M46,2018,43914,Panama,385031,MURILLO,accumulation,2018-030-17056400001019,30,300331546,group,46,300331520,group,90,served,absent,https://inside.fifa.com/tournaments/mens/worldcup/2018russia/news/a-disciplinary-reminder-for-russia-2018,https://api.fifa.com/api/v3/live/football/17/254645/275073/300331520?language=en,data/raw/2018/fifa/live/m046_300331520.json,Next observed official lineup records the player as absent.,,,,,
2018-033-17052900000466-dismissal-service-M51,2018,43965,Russia,375357,SMOLNIKOV,dismissal,2018-033-17052900000466,33,300331516,group,51,300331517,round_of_16,120,served,absent,https://inside.fifa.com/tournaments/mens/worldcup/2018russia/news/a-disciplinary-reminder-for-russia-2018,https://api.fifa.com/api/v3/live/football/17/254645/275093/300331517?language=en,data/raw/2018/fifa/live/m051_300331517.json,Next observed official lineup records the player as absent.,,,,,
2018-044-17055900000847-accumulation-service-M53,2018,43911,Mexico,238112,H. MORENO,accumulation,2018-044-17055900000847,44,300331548,group,53,300331535,round_of_16,90,served,absent,https://inside.fifa.com/tournaments/mens/worldcup/2018russia/news/a-disciplinary-reminder-for-russia-2018,https://api.fifa.com/api/v3/live/football/17/254645/275093/300331535?language=en,data/raw/2018/fifa/live/m053_300331535.json,Next observed official lineup records the player as absent.,,,,,
2018-044-17055900000366-accumulation-service-M55,2018,43970,Sweden,214675,LARSSON,accumulation,2018-044-17055900000366,44,300331548,group,55,300331514,round_of_16,90,served,absent,https://inside.fifa.com/tournaments/mens/worldcup/2018russia/news/a-disciplinary-reminder-for-russia-2018,https://api.fifa.com/api/v3/live/football/17/254645/275093/300331514?language=en,data/raw/2018/fifa/live/m055_300331514.json,Next observed official lineup records the player as absent.,,,,,
2018-042-17055400000562-accumulation-service-M55,2018,43971,Switzerland,196605,LICHTSTEINER,accumulation,2018-042-17055400000562,42,300331534,group,55,300331514,round_of_16,90,served,absent,https://inside.fifa.com/tournaments/mens/worldcup/2018russia/news/a-disciplinary-reminder-for-russia-2018,https://api.fifa.com/api/v3/live/football/17/254645/275093/300331514?language=en,data/raw/2018/fifa/live/m055_300331514.json,Next observed official lineup records the player as absent.,,,,,
2018-042-17055400001310-accumulation-service-M55,2018,43971,Switzerland,356411,SCHÄR,accumulation,2018-042-17055400001310,42,300331534,group,55,300331514,round_of_16,90,served,absent,https://inside.fifa.com/tournaments/mens/worldcup/2018russia/news/a-disciplinary-reminder-for-russia-2018,https://api.fifa.com/api/v3/live/football/17/254645/275093/300331514?language=en,data/raw/2018/fifa/live/m055_300331514.json,Next observed official lineup records the player as absent.,,,,,
2018-050-17057700001021-accumulation-service-M57,2018,43946,France,358014,MATUIDI,accumulation,2018-050-17057700001021,50,300331537,round_of_16,57,300331543,quarter_final,90,served,absent,https://inside.fifa.com/tournaments/mens/worldcup/2018russia/news/a-disciplinary-reminder-for-russia-2018,https://api.fifa.com/api/v3/live/football/17/254645/275095/300331543?language=en,data/raw/2018/fifa/live/m057_300331543.json,Next observed official lineup records the player as absent.,,,,,
2018-053-17058100000888-accumulation-service-M58,2018,43924,Brazil,308386,CASEMIRO,accumulation,2018-053-17058100000888,53,300331535,round_of_16,58,300331538,quarter_final,90,served,absent,https://inside.fifa.com/tournaments/mens/worldcup/2018russia/news/a-disciplinary-reminder-for-russia-2018,https://api.fifa.com/api/v3/live/football/17/254645/275095/300331538?language=en,data/raw/2018/fifa/live/m058_300331538.json,Next observed official lineup records the player as absent.,,,,,
2018-055-17058300000483-accumulation-service-M60,2018,43970,Sweden,300251,LUSTIG,accumulation,2018-055-17058300000483,55,300331514,round_of_16,60,300331541,quarter_final,90,served,absent,https://inside.fifa.com/tournaments/mens/worldcup/2018russia/news/a-disciplinary-reminder-for-russia-2018,https://api.fifa.com/api/v3/live/football/17/254645/275095/300331541?language=en,data/raw/2018/fifa/live/m060_300331541.json,Next observed official lineup records the player as absent.,,,,,
2018-058-17058600001112-accumulation-service-M61,2018,43935,Belgium,358122,MEUNIER,accumulation,2018-058-17058600001112,58,300331538,quarter_final,61,300331531,semi_final,90,served,absent,https://inside.fifa.com/tournaments/mens/worldcup/2018russia/news/a-disciplinary-reminder-for-russia-2018,https://api.fifa.com/api/v3/live/football/17/254645/275097/300331531?language=en,data/raw/2018/fifa/live/m061_300331531.json,Next observed official lineup records the player as absent.,,,,,
2018-041-17055300000831-accumulation-pending,2018,1902465,Serbia,310082,MATIĆ,accumulation,2018-041-17055300000831,41,300331521,group,,,,,pending,,https://inside.fifa.com/tournaments/mens/worldcup/2018russia/news/a-disciplinary-reminder-for-russia-2018,,,No later observed team match within the edition cutoff.,,,,,
2018-041-17055300001184-accumulation-pending,2018,1902465,Serbia,370456,MITROVIĆ,accumulation,2018-041-17055300001184,41,300331521,group,,,,,pending,,https://inside.fifa.com/tournaments/mens/worldcup/2018russia/news/a-disciplinary-reminder-for-russia-2018,,,No later observed team match within the edition cutoff.,,,,,
2018-043-17056000000151-accumulation-pending,2018,43822,Korea Republic,356534,W Y JUNG,accumulation,2018-043-17056000000151,43,300331532,group,,,,,pending,,https://inside.fifa.com/tournaments/mens/worldcup/2018russia/news/a-disciplinary-reminder-for-russia-2018,,,No later observed team match within the edition cutoff.,,,,,
2018-036-17053500000320-accumulation-pending,2018,43872,Morocco,232674,EL AHMADI,accumulation,2018-036-17053500000320,36,300340184,group,,,,,pending,,https://inside.fifa.com/tournaments/mens/worldcup/2018russia/news/a-disciplinary-reminder-for-russia-2018,,,No later observed team match within the edition cutoff.,,,,,
2018-048-17057100000709-accumulation-pending,2018,43879,Senegal,336000,NIANG,accumulation,2018-048-17057100000709,48,300331553,group,,,,,pending,,https://inside.fifa.com/tournaments/mens/worldcup/2018russia/news/a-disciplinary-reminder-for-russia-2018,,,No later observed team match within the edition cutoff.,,,,,
2018-046-17056600000677-accumulation-pending,2018,43888,Tunisia,370575,SASSI,accumulation,2018-046-17056600000677,46,300331520,group,,,,,pending,,https://inside.fifa.com/tournaments/mens/worldcup/2018russia/news/a-disciplinary-reminder-for-russia-2018,,,No later observed team match within the edition cutoff.,,,,,
2018-053-17058100000815-accumulation-pending,2018,43911,Mexico,329092,H. HERRERA,accumulation,2018-053-17058100000815,53,300331535,round_of_16,,,,,pending,,https://inside.fifa.com/tournaments/mens/worldcup/2018russia/news/a-disciplinary-reminder-for-russia-2018,,,No later observed team match within the edition cutoff.,,,,,
2018-050-17057700000628-accumulation-pending,2018,43922,Argentina,182372,MASCHERANO,accumulation,2018-050-17057700000628,50,300331537,round_of_16,,,,,pending,,https://inside.fifa.com/tournaments/mens/worldcup/2018russia/news/a-disciplinary-reminder-for-russia-2018,,,No later observed team match within the edition cutoff.,,,,,
2018-050-17057700000746-accumulation-pending,2018,43922,Argentina,266790,BANEGA,accumulation,2018-050-17057700000746,50,300331537,round_of_16,,,,,pending,,https://inside.fifa.com/tournaments/mens/worldcup/2018russia/news/a-disciplinary-reminder-for-russia-2018,,,No later observed team match within the edition cutoff.,,,,,
2018-050-17057700001373-accumulation-pending,2018,43922,Argentina,310116,OTAMENDI,accumulation,2018-050-17057700001373,50,300331537,round_of_16,,,,,pending,,https://inside.fifa.com/tournaments/mens/worldcup/2018russia/news/a-disciplinary-reminder-for-russia-2018,,,No later observed team match within the edition cutoff.,,,,,
2018-056-17058400000602-accumulation-pending,2018,43926,Colombia,394377,BARRIOS,accumulation,2018-056-17058400000602,56,300331542,round_of_16,,,,,pending,,https://inside.fifa.com/tournaments/mens/worldcup/2018russia/news/a-disciplinary-reminder-for-russia-2018,,,No later observed team match within the edition cutoff.,,,,,
2018-052-17058000001710-accumulation-pending,2018,43941,Denmark,318485,M. JØRGENSEN,accumulation,2018-052-17058000001710,52,300331498,round_of_16,,,,,pending,,https://inside.fifa.com/tournaments/mens/worldcup/2018russia/news/a-disciplinary-reminder-for-russia-2018,,,No later observed team match within the edition cutoff.,,,,,
2018-064-17059200000421-accumulation-pending,2018,43946,France,398681,KANTE,accumulation,2018-064-17059200000421,64,300331552,final,,,,,pending,,https://inside.fifa.com/tournaments/mens/worldcup/2018russia/news/a-disciplinary-reminder-for-russia-2018,,,No later observed team match within the edition cutoff.,,,,,
2018-049-17057800001414-accumulation-pending,2018,43963,Portugal,201200,RONALDO,accumulation,2018-049-17057800001414,49,300331544,round_of_16,,,,,pending,,https://inside.fifa.com/tournaments/mens/worldcup/2018russia/news/a-disciplinary-reminder-for-russia-2018,,,No later observed team match within the edition cutoff.,,,,,
2018-059-17058800001780-accumulation-pending,2018,43965,Russia,379988,GAZINSKII,accumulation,2018-059-17058800001780,59,300331504,quarter_final,,,,,pending,,https://inside.fifa.com/tournaments/mens/worldcup/2018russia/news/a-disciplinary-reminder-for-russia-2018,,,No later observed team match within the edition cutoff.,,,,,
2018-055-17058300000934-accumulation-pending,2018,43971,Switzerland,216627,BEHRAMI,accumulation,2018-055-17058300000934,55,300331514,round_of_16,,,,,pending,,https://inside.fifa.com/tournaments/mens/worldcup/2018russia/news/a-disciplinary-reminder-for-russia-2018,,,No later observed team match within the edition cutoff.,,,,,
2018-055-17058300001339-dismissal-pending,2018,43971,Switzerland,356407,LANG,dismissal,2018-055-17058300001339,55,300331514,round_of_16,,,,,pending,,https://inside.fifa.com/tournaments/mens/worldcup/2018russia/news/a-disciplinary-reminder-for-russia-2018,,,No later observed team match within the edition cutoff.,,,,,
2022-017-18186000001261-dismissal-service-M33,2022,43974,Wales,299601,HENNESSEY,dismissal,2022-017-18186000001261,17,400235453,group,33,400235454,group,90,served,absent,https://www.fifa.com/en/articles/ten-queries-about-qatar-2022-world-cup,https://api.fifa.com/api/v3/live/football/17/255711/285063/400235454?language=en,data/raw/2022/fifa/live/m033_400235454.json,Next observed official lineup records the player as absent.,,,,,
2022-017-18186000001380-accumulation-service-M34,2022,43817,Iran,379886,A. JAHANBAKHSH,accumulation,2022-017-18186000001380,17,400235453,group,34,400235456,group,90,served,absent,https://www.fifa.com/en/articles/ten-queries-about-qatar-2022-world-cup,https://api.fifa.com/api/v3/live/football/17/255711/285063/400235456?language=en,data/raw/2022/fifa/live/m034_400235456.json,Next observed official lineup records the player as absent.,,,,,
2022-019-18185500001027-accumulation-service-M35,2022,43927,Ecuador,428904,MENDEZ,accumulation,2022-019-18185500001027,19,400235452,group,35,400235451,group,90,served,absent,https://www.fifa.com/en/articles/ten-queries-about-qatar-2022-world-cup,https://api.fifa.com/api/v3/live/football/17/255711/285063/400235451?language=en,data/raw/2022/fifa/live/m035_400235451.json,Next observed official lineup records the player as absent.,,,,,
2022-022-18186600000315-accumulation-service-M40,2022,43835,Saudi Arabia,430170,ALMALKI,accumulation,2022-022-18186600000315,22,400235459,group,40,400235460,group,90,served,absent,https://www.fifa.com/en/articles/ten-queries-about-qatar-2022-world-cup,https://api.fifa.com/api/v3/live/football/17/255711/285063/400235460?language=en,data/raw/2022/fifa/live/m040_400235460.json,Next observed official lineup records the player as absent.,,,,,
2022-026-18188400000466-accumulation-service-M41,2022,43935,Belgium,448364,ONANA,accumulation,2022-026-18188400000466,26,400235480,group,41,400235478,group,90,served,absent,https://www.fifa.com/en/articles/ten-queries-about-qatar-2022-world-cup,https://api.fifa.com/api/v3/live/football/17/255711/285063/400235478?language=en,data/raw/2022/fifa/live/m041_400235478.json,Next observed official lineup records the player as absent.,,,,,
2022-025-18187800001222-accumulation-service-M44,2022,43901,Costa Rica,339797,F. CALVO,accumulation,2022-025-18187800001222,25,400235471,group,44,400235473,group,90,served,absent,https://www.fifa.com/en/articles/ten-queries-about-qatar-2022-world-cup,https://api.fifa.com/api/v3/live/football/17/255711/285063/400235473?language=en,data/raw/2022/fifa/live/m044_400235473.json,Next observed official lineup records the player as absent.,,,,,
2022-035-18185600000942-accumulation-service-M51,2022,43879,Senegal,332314,GANA,accumulation,2022-035-18185600000942,35,400235451,group,51,400128134,round_of_16,90,served,absent,https://www.fifa.com/en/articles/ten-queries-about-qatar-2022-world-cup,https://api.fifa.com/api/v3/live/football/17/255711/285073/400128134?language=en,data/raw/2022/fifa/live/m051_400128134.json,Next observed official lineup records the player as absent.,,,,,
2022-043-18188100000758-accumulation-service-M53,2022,43819,Japan,400511,ITAKURA,accumulation,2022-043-18188100000758,43,400235475,group,53,400128132,round_of_16,120,served,absent,https://www.fifa.com/en/articles/ten-queries-about-qatar-2022-world-cup,https://api.fifa.com/api/v3/live/football/17/255711/285073/400128132?language=en,data/raw/2022/fifa/live/m053_400128132.json,Next observed official lineup records the player as absent.,,,,,
2022-057-18190900000674-accumulation-service-M61,2022,43922,Argentina,401204,ACUÑA,accumulation,2022-057-18190900000674,57,400128139,quarter_final,61,400128143,semi_final,90,served,absent,https://www.fifa.com/en/articles/ten-queries-about-qatar-2022-world-cup,https://api.fifa.com/api/v3/live/football/17/255711/285075/400128143?language=en,data/raw/2022/fifa/live/m061_400128143.json,Next observed official lineup records the player as absent.,,,,,
2022-057-18190900001781-accumulation-service-M61,2022,43922,Argentina,402926,MONTIEL,accumulation,2022-057-18190900001781,57,400128139,quarter_final,61,400128143,semi_final,90,served,absent,https://www.fifa.com/en/articles/ten-queries-about-qatar-2022-world-cup,https://api.fifa.com/api/v3/live/football/17/255711/285075/400128143?language=en,data/raw/2022/fifa/live/m061_400128143.json,Next observed official lineup records the player as absent.,,,,,
2022-060-18191000001417-dismissal-service-M62,2022,43872,Morocco,448610,CHEDDIRA,dismissal,2022-060-18191000001417,60,400128140,quarter_final,62,400128142,semi_final,90,served,absent,https://www.fifa.com/en/articles/ten-queries-about-qatar-2022-world-cup,https://api.fifa.com/api/v3/live/football/17/255711/285075/400128142?language=en,data/raw/2022/fifa/live/m062_400128142.json,Next observed official lineup records the player as absent.,,,,,
2022-047-18189200001176-accumulation-pending,2022,1902465,Serbia,401176,GUDELJ,accumulation,2022-047-18189200001176,47,400235486,group,,,,,pending,,https://www.fifa.com/en/articles/ten-queries-about-qatar-2022-world-cup,,,No later observed team match within the edition cutoff.,,,,,
2022-047-18189200001447-accumulation-pending,2022,1902465,Serbia,404631,LUKIC,accumulation,2022-047-18189200001447,47,400235486,group,,,,,pending,,https://www.fifa.com/en/articles/ten-queries-about-qatar-2022-world-cup,,,No later observed team match within the edition cutoff.,,,,,
2022-047-18189200001394-accumulation-pending,2022,1902465,Serbia,411544,MILENKOVIĆ,accumulation,2022-047-18189200001394,47,400235486,group,,,,,pending,,https://www.fifa.com/en/articles/ten-queries-about-qatar-2022-world-cup,,,No later observed team match within the edition cutoff.,,,,,
2022-047-18189200000832-accumulation-pending,2022,1902465,Serbia,430069,PAVLOVIĆ,accumulation,2022-047-18189200000832,47,400235486,group,,,,,pending,,https://www.fifa.com/en/articles/ten-queries-about-qatar-2022-world-cup,,,No later observed team match within the edition cutoff.,,,,,
2022-054-18190500000711-accumulation-pending,2022,43822,Korea Republic,356534,W Y JUNG,accumulation,2022-054-18190500000711,54,400128133,round_of_16,,,,,pending,,https://www.fifa.com/en/articles/ten-queries-about-qatar-2022-world-cup,,,No later observed team match within the edition cutoff.,,,,,
2022-040-18186800001321-accumulation-pending,2022,43835,Saudi Arabia,403312,ALAMRI,accumulation,2022-040-18186800001321,40,400235460,group,,,,,pending,,https://www.fifa.com/en/articles/ten-queries-about-qatar-2022-world-cup,,,No later observed team match within the edition cutoff.,,,,,
2022-048-18189300001384-dismissal-pending,2022,43849,Cameroon,323698,ABOUBAKAR,dismissal,2022-048-18189300001384,48,400235483,group,,,,,pending,,https://www.fifa.com/en/articles/ten-queries-about-qatar-2022-world-cup,,,No later observed team match within the edition cutoff.,,,,,
2022-048-18189300000512-accumulation-pending,2022,43849,Cameroon,401789,FAÏ,accumulation,2022-048-18189300000512,48,400235483,group,,,,,pending,,https://www.fifa.com/en/articles/ten-queries-about-qatar-2022-world-cup,,,No later observed team match within the edition cutoff.,,,,,
2022-045-18189800001639-accumulation-pending,2022,43860,Ghana,448522,SEIDU,accumulation,2022-045-18189800001639,45,400235494,group,,,,,pending,,https://www.fifa.com/en/articles/ten-queries-about-qatar-2022-world-cup,,,No later observed team match within the edition cutoff.,,,,,
2022-057-18190900001976-dismissal-pending,2022,43960,Netherlands,436612,DUMFRIES,dismissal,2022-057-18190900001976,57,400128139,quarter_final,,,,,pending,,https://www.fifa.com/en/articles/ten-queries-about-qatar-2022-world-cup,,,No later observed team match within the edition cutoff.,,,,,
2022-052-18190200001442-accumulation-pending,2022,43962,Poland,436691,CASH,accumulation,2022-052-18190200001442,52,400128135,round_of_16,,,,,pending,,https://www.fifa.com/en/articles/ten-queries-about-qatar-2022-world-cup,,,No later observed team match within the edition cutoff.,,,,,
2022-056-18190700000640-accumulation-pending,2022,43971,Switzerland,356411,SCHÄR,accumulation,2022-056-18190700000640,56,400128130,round_of_16,,,,,pending,,https://www.fifa.com/en/articles/ten-queries-about-qatar-2022-world-cup,,,No later observed team match within the edition cutoff.,,,,,
2022-050-18190100000675-accumulation-pending,2022,43976,Australia,331149,DEGENEK,accumulation,2022-050-18190100000675,50,400128131,round_of_16,,,,,pending,,https://www.fifa.com/en/articles/ten-queries-about-qatar-2022-world-cup,,,No later observed team match within the edition cutoff.,,,,,
2022-050-18190100000292-accumulation-pending,2022,43976,Australia,355775,IRVINE,accumulation,2022-050-18190100000292,50,400128131,round_of_16,,,,,pending,,https://www.fifa.com/en/articles/ten-queries-about-qatar-2022-world-cup,,,No later observed team match within the edition cutoff.,,,,,
2026-001-1686141993-dismissal-service-M25,2026,43883,South Africa,390475,Sphephelo SITHOLE,dismissal,2026-001-1686141993,1,400021443,group,25,400021440,group,90,served,absent,https://www.fifa.com/en/tournaments/mens/worldcup/canadamexicousa2026/articles/yellow-cards-reset-group-stage-quarter-final,https://api.fifa.com/api/v3/live/football/17/285023/289273/400021440?language=en,data/raw/2026/fifa/live/m025_400021440.json,Next observed official lineup records the player as absent.,,,,,
2026-001-1759804476-dismissal-service-M25,2026,43883,South Africa,395984,Themba ZWANE,dismissal,2026-001-1759804476,1,400021443,group,25,400021440,group,90,served,absent,https://www.fifa.com/en/tournaments/mens/worldcup/canadamexicousa2026/articles/yellow-cards-reset-group-stage-quarter-final,https://api.fifa.com/api/v3/live/football/17/285023/289273/400021440?language=en,data/raw/2026/fifa/live/m025_400021440.json,The sourced service match is confirmed by an absent official lineup record.,extended_suspension,served,https://www.uol.com.br/esporte/ultimas-noticias/reuters/2026/06/17/meia-da-africa-do-sul-e-suspenso-por-tres-jogos-na-copa-do-mundo.htm,data/raw/manual/sanction-decisions.csv,FIFA extended the automatic red-card suspension to three matches
2026-001-2125180985-dismissal-service-M28,2026,43911,Mexico,395516,Cesar MONTES,dismissal,2026-001-2125180985,1,400021443,group,28,400021442,group,90,served,absent,https://www.fifa.com/en/tournaments/mens/worldcup/canadamexicousa2026/articles/yellow-cards-reset-group-stage-quarter-final,https://api.fifa.com/api/v3/live/football/17/285023/289273/400021442?language=en,data/raw/2026/fifa/live/m028_400021442.json,Next observed official lineup records the player as absent.,,,,,
2026-027-1829964964-dismissal-service-M52,2026,43834,Qatar,386348,ASSIM MADIBO,dismissal,2026-027-1829964964,27,400021450,group,52,400021448,group,90,served,absent,https://www.fifa.com/en/tournaments/mens/worldcup/canadamexicousa2026/articles/yellow-cards-reset-group-stage-quarter-final,https://api.fifa.com/api/v3/live/football/17/285023/289273/400021448?language=en,data/raw/2026/fifa/live/m052_400021448.json,Next observed official lineup records the player as absent.,,,,,
2026-027-1705895087-dismissal-service-M52,2026,43834,Qatar,419441,HOMAM AHMED,dismissal,2026-027-1705895087,27,400021450,group,52,400021448,group,90,served,absent,https://www.fifa.com/en/tournaments/mens/worldcup/canadamexicousa2026/articles/yellow-cards-reset-group-stage-quarter-final,https://api.fifa.com/api/v3/live/football/17/285023/289273/400021448?language=en,data/raw/2026/fifa/live/m052_400021448.json,Next observed official lineup records the player as absent.,,,,,
2026-026-962013309-dismissal-service-M52,2026,44037,Bosnia and Herzegovina,484022,Tarik MUHAREMOVIC,dismissal,2026-026-962013309,26,400021446,group,52,400021448,group,90,served,absent,https://www.fifa.com/en/tournaments/mens/worldcup/canadamexicousa2026/articles/yellow-cards-reset-group-stage-quarter-final,https://api.fifa.com/api/v3/live/football/17/285023/289273/400021448?language=en,data/raw/2026/fifa/live/m052_400021448.json,Next observed official lineup records the player as absent.,,,,,
2026-001-1759804476-dismissal-service-M54,2026,43883,South Africa,395984,Themba ZWANE,dismissal,2026-001-1759804476,1,400021443,group,54,400021445,group,90,served,absent,https://www.fifa.com/en/tournaments/mens/worldcup/canadamexicousa2026/articles/yellow-cards-reset-group-stage-quarter-final,https://api.fifa.com/api/v3/live/football/17/285023/289273/400021445?language=en,data/raw/2026/fifa/live/m054_400021445.json,The sourced service match is confirmed by an absent official lineup record.,extended_suspension,served,https://www.uol.com.br/esporte/ultimas-noticias/reuters/2026/06/17/meia-da-africa-do-sul-e-suspenso-por-tres-jogos-na-copa-do-mundo.htm,data/raw/manual/sanction-decisions.csv,FIFA extended the automatic red-card suspension to three matches
2026-025-902040606-accumulation-service-M54,2026,43883,South Africa,403616,Teboho MOKOENA,accumulation,2026-025-902040606,25,400021440,group,54,400021445,group,90,served,absent,https://www.fifa.com/en/tournaments/mens/worldcup/canadamexicousa2026/articles/yellow-cards-reset-group-stage-quarter-final,https://api.fifa.com/api/v3/live/football/17/285023/289273/400021445?language=en,data/raw/2026/fifa/live/m054_400021445.json,Next observed official lineup records the player as absent.,,,,,
2026-031-1119347940-dismissal-service-M60,2026,43928,Paraguay,369761,Miguel ALMIRON,dismissal,2026-031-1119347940,31,400021460,group,60,400021461,group,90,served,absent,https://www.fifa.com/en/tournaments/mens/worldcup/canadamexicousa2026/articles/yellow-cards-reset-group-stage-quarter-final,https://api.fifa.com/api/v3/live/football/17/285023/289273/400021461?language=en,data/raw/2026/fifa/live/m060_400021461.json,Next observed official lineup records the player as absent.,,,,,
2026-039-584966252-dismissal-service-M64,2026,43935,Belgium,514166,Nathan NGOY,dismissal,2026-039-584966252,39,400021477,group,64,400021481,group,90,served,absent,https://www.fifa.com/en/tournaments/mens/worldcup/canadamexicousa2026/articles/yellow-cards-reset-group-stage-quarter-final,https://api.fifa.com/api/v3/live/football/17/285023/289273/400021481?language=en,data/raw/2026/fifa/live/m064_400021481.json,Next observed official lineup records the player as absent.,,,,,
2026-037-1956965508-accumulation-service-M65,2026,43850,Cabo Verde,477832,SIDNY LOPES CABRAL,accumulation,2026-037-1956965508,37,400021487,group,65,400021485,group,90,served,absent,https://www.fifa.com/en/tournaments/mens/worldcup/canadamexicousa2026/articles/yellow-cards-reset-group-stage-quarter-final,https://api.fifa.com/api/v3/live/football/17/285023/289273/400021485?language=en,data/raw/2026/fifa/live/m065_400021485.json,Next observed official lineup records the player as absent.,,,,,
2026-001-1759804476-dismissal-service-M73,2026,43883,South Africa,395984,Themba ZWANE,dismissal,2026-001-1759804476,1,400021443,group,73,400021518,round_of_32,90,served,absent,https://www.fifa.com/en/tournaments/mens/worldcup/canadamexicousa2026/articles/yellow-cards-reset-group-stage-quarter-final,https://api.fifa.com/api/v3/live/football/17/285023/289287/400021518?language=en,data/raw/2026/fifa/live/m073_400021518.json,The sourced service match is confirmed by an absent official lineup record.,extended_suspension,served,https://www.uol.com.br/esporte/ultimas-noticias/reuters/2026/06/17/meia-da-africa-do-sul-e-suspenso-por-tres-jogos-na-copa-do-mundo.htm,data/raw/manual/sanction-decisions.csv,FIFA extended the automatic red-card suspension to three matches
2026-060-613007745-accumulation-service-M74,2026,43928,Paraguay,463128,Diego GOMEZ,accumulation,2026-060-613007745,60,400021461,group,74,400021513,round_of_32,120,served,absent,https://www.fifa.com/en/tournaments/mens/worldcup/canadamexicousa2026/articles/yellow-cards-reset-group-stage-quarter-final,https://api.fifa.com/api/v3/live/football/17/285023/289287/400021513?language=en,data/raw/2026/fifa/live/m074_400021513.json,Next observed official lineup records the player as absent.,,,,,
2026-063-1004363147-accumulation-service-M88,2026,43855,Egypt,433469,MOHANAD LASHIN,accumulation,2026-063-1004363147,63,400021479,group,88,400021515,round_of_32,120,served,absent,https://www.fifa.com/en/tournaments/mens/worldcup/canadamexicousa2026/articles/yellow-cards-reset-group-stage-quarter-final,https://api.fifa.com/api/v3/live/football/17/285023/289287/400021515?language=en,data/raw/2026/fifa/live/m088_400021515.json,Next observed official lineup records the player as absent.,,,,,
2026-081-1246412996-dismissal-service-M94,2026,43921,USA,466624,Folarin BALOGUN,dismissal,2026-081-1246412996,81,400021524,round_of_32,94,400021534,round_of_16,90,deferred,starter,https://www.fifa.com/en/tournaments/mens/worldcup/canadamexicousa2026/articles/yellow-cards-reset-group-stage-quarter-final,https://api.fifa.com/api/v3/live/football/17/285023/289288/400021534?language=en,data/raw/2026/fifa/live/m094_400021534.json,The sourced decision deferred execution; no served term is added.,deferred_suspension,deferred,https://www.fifa.com/fr/tournaments/mens/worldcup/canadamexicousa2026/articles/folarin-balogun-etats-unis-disponible-contre-belgique,data/raw/manual/sanction-decisions.csv,FIFA suspended application of the automatic one-match ban for a one-year probationary period
2026-092-1977498691-dismissal-service-M99,2026,43942,England,463809,Jarell QUANSAH,dismissal,2026-092-1977498691,92,400021531,round_of_16,99,400021539,quarter_final,120,served,absent,https://www.fifa.com/en/tournaments/mens/worldcup/canadamexicousa2026/articles/yellow-cards-reset-group-stage-quarter-final,https://api.fifa.com/api/v3/live/football/17/285023/289289/400021539?language=en,data/raw/2026/fifa/live/m099_400021539.json,The sourced service match is confirmed by an absent official lineup record.,extended_suspension,served,https://www.fourfourtwo.com/person/player/englands-jarell-quansah-handed-two-game-ban-for-mexico-red-card,data/raw/manual/sanction-decisions.csv,FIFA imposed a two-match ban; M99 is the only service match inside the M1-M100 cutoff and the remaining term is out of scope
2026-055-188552307-accumulation-pending,2026,1895293,Curaçao,466317,Juninho BACUNA,accumulation,2026-055-188552307,55,400021468,group,,,,,pending,,https://www.fifa.com/en/tournaments/mens/worldcup/canadamexicousa2026/articles/yellow-cards-reset-group-stage-quarter-final,,,No later observed team match within the edition cutoff.,,,,,
2026-055-669123713-accumulation-pending,2026,1895293,Curaçao,466372,Gervane KASTANEER,accumulation,2026-055-669123713,55,400021468,group,,,,,pending,,https://www.fifa.com/en/tournaments/mens/worldcup/canadamexicousa2026/articles/yellow-cards-reset-group-stage-quarter-final,,,No later observed team match within the edition cutoff.,,,,,
2026-063-227391894-accumulation-pending,2026,43817,IR Iran,371736,Saeid EZATOLAHI,accumulation,2026-063-227391894,63,400021479,group,,,,,pending,,https://www.fifa.com/en/tournaments/mens/worldcup/canadamexicousa2026/articles/yellow-cards-reset-group-stage-quarter-final,,,No later observed team match within the edition cutoff.,,,,,
2026-062-228100121-dismissal-pending,2026,43818,Iraq,396158,REBIN SULAKA,dismissal,2026-062-228100121,62,400021493,group,,,,,pending,,https://www.fifa.com/en/tournaments/mens/worldcup/canadamexicousa2026/articles/yellow-cards-reset-group-stage-quarter-final,,,No later observed team match within the edition cutoff.,,,,,
2026-062-1214663806-accumulation-pending,2026,43818,Iraq,433074,AMIR ALAMMARI,accumulation,2026-062-1214663806,62,400021493,group,,,,,pending,,https://www.fifa.com/en/tournaments/mens/worldcup/canadamexicousa2026/articles/yellow-cards-reset-group-stage-quarter-final,,,No later observed team match within the edition cutoff.,,,,,
2026-052-1025229946-accumulation-pending,2026,43834,Qatar,433394,AHMED FATHY,accumulation,2026-052-1025229946,52,400021448,group,,,,,pending,,https://www.fifa.com/en/tournaments/mens/worldcup/canadamexicousa2026/articles/yellow-cards-reset-group-stage-quarter-final,,,No later observed team match within the edition cutoff.,,,,,
2026-095-138560597-accumulation-pending,2026,43855,Egypt,424106,HAISSEM HASSAN,accumulation,2026-095-138560597,95,400021528,round_of_16,,,,,pending,,https://www.fifa.com/en/tournaments/mens/worldcup/canadamexicousa2026/articles/yellow-cards-reset-group-stage-quarter-final,,,No later observed team match within the edition cutoff.,,,,,
2026-097-1774618642-accumulation-pending,2026,43872,Morocco,403083,Issa DIOP,accumulation,2026-097-1774618642,97,400021536,quarter_final,,,,,pending,,https://www.fifa.com/en/tournaments/mens/worldcup/canadamexicousa2026/articles/yellow-cards-reset-group-stage-quarter-final,,,No later observed team match within the edition cutoff.,,,,,
2026-079-1691284688-dismissal-pending,2026,43927,Ecuador,424031,Piero HINCAPIE,dismissal,2026-079-1691284688,79,400021520,round_of_32,,,,,pending,,https://www.fifa.com/en/tournaments/mens/worldcup/canadamexicousa2026/articles/yellow-cards-reset-group-stage-quarter-final,,,No later observed team match within the edition cutoff.,,,,,
2026-066-850320676-dismissal-pending,2026,43930,Uruguay,402876,Agustin CANOBBIO,dismissal,2026-066-850320676,66,400021484,group,,,,,pending,,https://www.fifa.com/en/tournaments/mens/worldcup/canadamexicousa2026/articles/yellow-cards-reset-group-stage-quarter-final,,,No later observed team match within the edition cutoff.,,,,,
2026-100-819309696-dismissal-pending,2026,43971,Switzerland,393480,Breel EMBOLO,dismissal,2026-100-819309696,100,400021537,quarter_final,,,,,pending,,https://www.fifa.com/en/tournaments/mens/worldcup/canadamexicousa2026/articles/yellow-cards-reset-group-stage-quarter-final,,,No later observed team match within the edition cutoff.,,,,,
2026-072-864110785-accumulation-pending,2026,44005,Uzbekistan,464924,Abdukodir KHUSANOV,accumulation,2026-072-864110785,72,400021500,group,,,,,pending,,https://www.fifa.com/en/tournaments/mens/worldcup/canadamexicousa2026/articles/yellow-cards-reset-group-stage-quarter-final,,,No later observed team match within the edition cutoff.,,,,,
