edition,match_number,match_id,date_utc,stage,group_name,home_team_id,home_team,away_team_id,away_team,winner_team_id,winner_team,nominal_minutes,t_end_min,t_end_source,source_url,source_archive
2014,1,300186456,2014-06-12T20:00:00Z,group,Group A,43924,Brazil,43938,Croatia,43924,Brazil,90,94.93,fotmob_period_clock,https://www.fotmob.com/api/data/matchDetails,data/raw/2014/fifa/timelines/m001_300186456.json
2014,2,300186492,2014-06-13T16:00:00Z,group,Group A,43911,Mexico,43849,Cameroon,43911,Mexico,90,94.25,fotmob_period_clock,https://www.fotmob.com/api/data/matchDetails,data/raw/2014/fifa/timelines/m002_300186492.json
2014,3,300186510,2014-06-13T19:00:00Z,group,Group B,43969,Spain,43960,Netherlands,43960,Netherlands,90,93.85,fotmob_period_clock,https://www.fotmob.com/api/data/matchDetails,data/raw/2014/fifa/timelines/m003_300186510.json
2014,4,300186473,2014-06-13T22:00:00Z,group,Group B,43925,Chile,43976,Australia,43925,Chile,90,94.12,fotmob_period_clock,https://www.fotmob.com/api/data/matchDetails,data/raw/2014/fifa/timelines/m004_300186473.json
2014,5,300186471,2014-06-14T16:00:00Z,group,Group C,43926,Colombia,43949,Greece,43926,Colombia,90,93.87,fotmob_period_clock,https://www.fotmob.com/api/data/matchDetails,data/raw/2014/fifa/timelines/m005_300186471.json
2014,6,300186507,2014-06-15T01:00:00Z,group,Group C,43854,Côte d'Ivoire,43819,Japan,43854,Côte d'Ivoire,90,95.9,fotmob_period_clock,https://www.fotmob.com/api/data/matchDetails,data/raw/2014/fifa/timelines/m006_300186507.json
2014,7,300186489,2014-06-14T19:00:00Z,group,Group D,43930,Uruguay,43901,Costa Rica,43901,Costa Rica,90,95.13,fotmob_period_clock,https://www.fotmob.com/api/data/matchDetails,data/raw/2014/fifa/timelines/m007_300186489.json
2014,8,300186513,2014-06-14T22:00:00Z,group,Group D,43942,England,43954,Italy,43954,Italy,90,95.1,fotmob_period_clock,https://www.fotmob.com/api/data/matchDetails,data/raw/2014/fifa/timelines/m008_300186513.json
2014,9,300186494,2014-06-15T16:00:00Z,group,Group E,43971,Switzerland,43927,Ecuador,43971,Switzerland,90,93.87,fotmob_period_clock,https://www.fotmob.com/api/data/matchDetails,data/raw/2014/fifa/timelines/m009_300186494.json
2014,10,300186496,2014-06-15T19:00:00Z,group,Group E,43946,France,43909,Honduras,43946,France,90,93.08,fotmob_period_clock,https://www.fotmob.com/api/data/matchDetails,data/raw/2014/fifa/timelines/m010_300186496.json
2014,11,300186477,2014-06-15T22:00:00Z,group,Group F,43922,Argentina,44037,Bosnia-Herzegovina,43922,Argentina,90,93,fotmob_period_clock,https://www.fotmob.com/api/data/matchDetails,data/raw/2014/fifa/timelines/m011_300186477.json
2014,12,300186505,2014-06-16T19:00:00Z,group,Group F,43817,Iran,43876,Nigeria,,,90,92.08,fotmob_period_clock,https://www.fotmob.com/api/data/matchDetails,data/raw/2014/fifa/timelines/m012_300186505.json
2014,13,300186475,2014-06-16T16:00:00Z,group,Group G,43948,Germany,43963,Portugal,43948,Germany,90,92.1,fotmob_period_clock,https://www.fotmob.com/api/data/matchDetails,data/raw/2014/fifa/timelines/m013_300186475.json
2014,14,300186512,2014-06-16T22:00:00Z,group,Group G,43860,Ghana,43921,United States,43921,United States,90,95.03,fotmob_period_clock,https://www.fotmob.com/api/data/matchDetails,data/raw/2014/fifa/timelines/m014_300186512.json
2014,15,300186479,2014-06-17T16:00:00Z,group,Group H,43935,Belgium,43843,Algeria,43935,Belgium,90,93.18,fotmob_period_clock,https://www.fotmob.com/api/data/matchDetails,data/raw/2014/fifa/timelines/m015_300186479.json
2014,16,300186499,2014-06-17T22:00:00Z,group,Group H,43965,Russia,43822,Korea Republic,,,90,94.05,fotmob_period_clock,https://www.fotmob.com/api/data/matchDetails,data/raw/2014/fifa/timelines/m016_300186499.json
2014,17,300186509,2014-06-17T19:00:00Z,group,Group A,43924,Brazil,43911,Mexico,,,90,93.05,fotmob_period_clock,https://www.fotmob.com/api/data/matchDetails,data/raw/2014/fifa/timelines/m017_300186509.json
2014,18,300186453,2014-06-18T22:00:00Z,group,Group A,43849,Cameroon,43938,Croatia,43938,Croatia,90,92.12,fotmob_period_clock,https://www.fotmob.com/api/data/matchDetails,data/raw/2014/fifa/timelines/m018_300186453.json
2014,19,300186498,2014-06-18T19:00:00Z,group,Group B,43969,Spain,43925,Chile,43925,Chile,90,96.02,fotmob_period_clock,https://www.fotmob.com/api/data/matchDetails,data/raw/2014/fifa/timelines/m019_300186498.json
2014,20,300186478,2014-06-18T16:00:00Z,group,Group B,43976,Australia,43960,Netherlands,43960,Netherlands,90,93.12,fotmob_period_clock,https://www.fotmob.com/api/data/matchDetails,data/raw/2014/fifa/timelines/m020_300186478.json
2014,21,300186468,2014-06-19T16:00:00Z,group,Group C,43926,Colombia,43854,Côte d'Ivoire,43926,Colombia,90,94.3,fotmob_period_clock,https://www.fotmob.com/api/data/matchDetails,data/raw/2014/fifa/timelines/m021_300186468.json
2014,22,300186454,2014-06-19T22:00:00Z,group,Group C,43819,Japan,43949,Greece,,,90,94.28,fotmob_period_clock,https://www.fotmob.com/api/data/matchDetails,data/raw/2014/fifa/timelines/m022_300186454.json
2014,23,300186486,2014-06-19T19:00:00Z,group,Group D,43930,Uruguay,43942,England,43930,Uruguay,90,95.08,fotmob_period_clock,https://www.fotmob.com/api/data/matchDetails,data/raw/2014/fifa/timelines/m023_300186486.json
2014,24,300186500,2014-06-20T16:00:00Z,group,Group D,43954,Italy,43901,Costa Rica,43901,Costa Rica,90,93.73,fotmob_period_clock,https://www.fotmob.com/api/data/matchDetails,data/raw/2014/fifa/timelines/m024_300186500.json
2014,25,300186514,2014-06-20T19:00:00Z,group,Group E,43971,Switzerland,43946,France,43946,France,90,94.22,fotmob_period_clock,https://www.fotmob.com/api/data/matchDetails,data/raw/2014/fifa/timelines/m025_300186514.json
2014,26,300186463,2014-06-20T22:00:00Z,group,Group E,43909,Honduras,43927,Ecuador,43927,Ecuador,90,94.4,fotmob_period_clock,https://www.fotmob.com/api/data/matchDetails,data/raw/2014/fifa/timelines/m026_300186463.json
2014,27,300186466,2014-06-21T16:00:00Z,group,Group F,43922,Argentina,43817,Iran,43922,Argentina,90,94.63,fotmob_period_clock,https://www.fotmob.com/api/data/matchDetails,data/raw/2014/fifa/timelines/m027_300186466.json
2014,28,300186511,2014-06-21T22:00:00Z,group,Group F,43876,Nigeria,44037,Bosnia-Herzegovina,43876,Nigeria,90,93.27,fotmob_period_clock,https://www.fotmob.com/api/data/matchDetails,data/raw/2014/fifa/timelines/m028_300186511.json
2014,29,300186493,2014-06-21T19:00:00Z,group,Group G,43948,Germany,43860,Ghana,,,90,94.32,fotmob_period_clock,https://www.fotmob.com/api/data/matchDetails,data/raw/2014/fifa/timelines/m029_300186493.json
2014,30,300186483,2014-06-22T22:00:00Z,group,Group G,43921,United States,43963,Portugal,,,90,95.53,fotmob_period_clock,https://www.fotmob.com/api/data/matchDetails,data/raw/2014/fifa/timelines/m030_300186483.json
2014,31,300186481,2014-06-22T16:00:00Z,group,Group H,43935,Belgium,43965,Russia,43935,Belgium,90,93.33,fotmob_period_clock,https://www.fotmob.com/api/data/matchDetails,data/raw/2014/fifa/timelines/m031_300186481.json
2014,32,300186495,2014-06-22T19:00:00Z,group,Group H,43822,Korea Republic,43843,Algeria,43843,Algeria,90,94.1,fotmob_period_clock,https://www.fotmob.com/api/data/matchDetails,data/raw/2014/fifa/timelines/m032_300186495.json
2014,33,300186472,2014-06-23T20:00:00Z,group,Group A,43849,Cameroon,43924,Brazil,43924,Brazil,90,94.18,fotmob_period_clock,https://www.fotmob.com/api/data/matchDetails,data/raw/2014/fifa/timelines/m033_300186472.json
2014,34,300186452,2014-06-23T20:00:00Z,group,Group A,43938,Croatia,43911,Mexico,43911,Mexico,90,94.1,fotmob_period_clock,https://www.fotmob.com/api/data/matchDetails,data/raw/2014/fifa/timelines/m034_300186452.json
2014,35,300186467,2014-06-23T16:00:00Z,group,Group B,43976,Australia,43969,Spain,43969,Spain,90,93.08,fotmob_period_clock,https://www.fotmob.com/api/data/matchDetails,data/raw/2014/fifa/timelines/m035_300186467.json
2014,36,300186470,2014-06-23T16:00:00Z,group,Group B,43960,Netherlands,43925,Chile,43960,Netherlands,90,93.18,fotmob_period_clock,https://www.fotmob.com/api/data/matchDetails,data/raw/2014/fifa/timelines/m036_300186470.json
2014,37,300186457,2014-06-24T20:00:00Z,group,Group C,43819,Japan,43926,Colombia,43926,Colombia,90,93.25,fotmob_period_clock,https://www.fotmob.com/api/data/matchDetails,data/raw/2014/fifa/timelines/m037_300186457.json
2014,38,300186455,2014-06-24T20:00:00Z,group,Group C,43949,Greece,43854,Côte d'Ivoire,43949,Greece,90,93.92,fotmob_period_clock,https://www.fotmob.com/api/data/matchDetails,data/raw/2014/fifa/timelines/m038_300186455.json
2014,39,300186465,2014-06-24T16:00:00Z,group,Group D,43954,Italy,43930,Uruguay,43930,Uruguay,90,95.95,fotmob_period_clock,https://www.fotmob.com/api/data/matchDetails,data/raw/2014/fifa/timelines/m039_300186465.json
2014,40,300186484,2014-06-24T16:00:00Z,group,Group D,43901,Costa Rica,43942,England,,,90,93.13,fotmob_period_clock,https://www.fotmob.com/api/data/matchDetails,data/raw/2014/fifa/timelines/m040_300186484.json
2014,41,300186482,2014-06-25T20:00:00Z,group,Group E,43909,Honduras,43971,Switzerland,43971,Switzerland,90,93.02,fotmob_period_clock,https://www.fotmob.com/api/data/matchDetails,data/raw/2014/fifa/timelines/m041_300186482.json
2014,42,300186515,2014-06-25T20:00:00Z,group,Group E,43927,Ecuador,43946,France,,,90,94.28,fotmob_period_clock,https://www.fotmob.com/api/data/matchDetails,data/raw/2014/fifa/timelines/m042_300186515.json
2014,43,300186458,2014-06-25T16:00:00Z,group,Group F,43876,Nigeria,43922,Argentina,43922,Argentina,90,94.3,fotmob_period_clock,https://www.fotmob.com/api/data/matchDetails,data/raw/2014/fifa/timelines/m043_300186458.json
2014,44,300186464,2014-06-25T16:00:00Z,group,Group F,44037,Bosnia-Herzegovina,43817,Iran,44037,Bosnia-Herzegovina,90,93.37,fotmob_period_clock,https://www.fotmob.com/api/data/matchDetails,data/raw/2014/fifa/timelines/m044_300186464.json
2014,45,300186469,2014-06-26T16:00:00Z,group,Group G,43921,United States,43948,Germany,43948,Germany,90,94.08,fotmob_period_clock,https://www.fotmob.com/api/data/matchDetails,data/raw/2014/fifa/timelines/m045_300186469.json
2014,46,300186476,2014-06-26T16:00:00Z,group,Group G,43963,Portugal,43860,Ghana,43963,Portugal,90,95.12,fotmob_period_clock,https://www.fotmob.com/api/data/matchDetails,data/raw/2014/fifa/timelines/m046_300186476.json
2014,47,300186480,2014-06-26T20:00:00Z,group,Group H,43822,Korea Republic,43935,Belgium,43935,Belgium,90,94.43,fotmob_period_clock,https://www.fotmob.com/api/data/matchDetails,data/raw/2014/fifa/timelines/m047_300186480.json
2014,48,300186506,2014-06-26T20:00:00Z,group,Group H,43843,Algeria,43965,Russia,,,90,94.12,fotmob_period_clock,https://www.fotmob.com/api/data/matchDetails,data/raw/2014/fifa/timelines/m048_300186506.json
2014,49,300186487,2014-06-28T16:00:00Z,round_of_16,,43924,Brazil,43925,Chile,43924,Brazil,120,120,fotmob_lower_bound,https://www.fotmob.com/api/data/matchDetails,data/raw/2014/fifa/timelines/m049_300186487.json
2014,50,300186491,2014-06-28T20:00:00Z,round_of_16,,43926,Colombia,43930,Uruguay,43926,Colombia,90,93.15,fotmob_period_clock,https://www.fotmob.com/api/data/matchDetails,data/raw/2014/fifa/timelines/m050_300186491.json
2014,51,300186508,2014-06-29T16:00:00Z,round_of_16,,43960,Netherlands,43911,Mexico,43960,Netherlands,90,96.58,fotmob_period_clock,https://www.fotmob.com/api/data/matchDetails,data/raw/2014/fifa/timelines/m051_300186508.json
2014,52,300186459,2014-06-29T20:00:00Z,round_of_16,,43901,Costa Rica,43949,Greece,43901,Costa Rica,90,122,fotmob_period_clock,https://www.fotmob.com/api/data/matchDetails,data/raw/2014/fifa/timelines/m052_300186459.json
2014,53,300186462,2014-06-30T16:00:00Z,round_of_16,,43946,France,43876,Nigeria,43946,France,90,95.03,fotmob_period_clock,https://www.fotmob.com/api/data/matchDetails,data/raw/2014/fifa/timelines/m053_300186462.json
2014,54,300186460,2014-06-30T20:00:00Z,round_of_16,,43948,Germany,43843,Algeria,43948,Germany,120,122.28,fotmob_period_clock,https://www.fotmob.com/api/data/matchDetails,data/raw/2014/fifa/timelines/m054_300186460.json
2014,55,300186503,2014-07-01T16:00:00Z,round_of_16,,43922,Argentina,43971,Switzerland,43922,Argentina,120,125.08,fotmob_period_clock,https://www.fotmob.com/api/data/matchDetails,data/raw/2014/fifa/timelines/m055_300186503.json
2014,56,300186497,2014-07-01T20:00:00Z,round_of_16,,43935,Belgium,43921,United States,43935,Belgium,120,121.08,fotmob_period_clock,https://www.fotmob.com/api/data/matchDetails,data/raw/2014/fifa/timelines/m056_300186497.json
2014,57,300186461,2014-07-04T20:00:00Z,quarter_final,,43924,Brazil,43926,Colombia,43924,Brazil,90,95.05,fotmob_period_clock,https://www.fotmob.com/api/data/matchDetails,data/raw/2014/fifa/timelines/m057_300186461.json
2014,58,300186485,2014-07-04T16:00:00Z,quarter_final,,43946,France,43948,Germany,43948,Germany,90,94.6,fotmob_period_clock,https://www.fotmob.com/api/data/matchDetails,data/raw/2014/fifa/timelines/m058_300186485.json
2014,59,300186488,2014-07-05T20:00:00Z,quarter_final,,43960,Netherlands,43901,Costa Rica,43960,Netherlands,120,121,fotmob_period_clock,https://www.fotmob.com/api/data/matchDetails,data/raw/2014/fifa/timelines/m059_300186488.json
2014,60,300186504,2014-07-05T16:00:00Z,quarter_final,,43922,Argentina,43935,Belgium,43922,Argentina,90,95.08,fotmob_period_clock,https://www.fotmob.com/api/data/matchDetails,data/raw/2014/fifa/timelines/m060_300186504.json
2014,61,300186474,2014-07-08T20:00:00Z,semi_final,,43924,Brazil,43948,Germany,43948,Germany,90,91.98,fotmob_period_clock,https://www.fotmob.com/api/data/matchDetails,data/raw/2014/fifa/timelines/m061_300186474.json
2014,62,300186490,2014-07-09T20:00:00Z,semi_final,,43960,Netherlands,43922,Argentina,43922,Argentina,120,121,fotmob_period_clock,https://www.fotmob.com/api/data/matchDetails,data/raw/2014/fifa/timelines/m062_300186490.json
2014,63,300186502,2014-07-12T20:00:00Z,third_place,,43924,Brazil,43960,Netherlands,43960,Netherlands,90,95.28,fotmob_period_clock,https://www.fotmob.com/api/data/matchDetails,data/raw/2014/fifa/timelines/m063_300186502.json
2014,64,300186501,2014-07-13T19:00:00Z,final,,43948,Germany,43922,Argentina,43948,Germany,120,123.98,fotmob_period_clock,https://www.fotmob.com/api/data/matchDetails,data/raw/2014/fifa/timelines/m064_300186501.json
2018,1,300331503,2018-06-14T15:00:00Z,group,Group A,43965,Russia,43835,Saudi Arabia,43965,Russia,90,95,fifa_timeline_period_label,https://api.fifa.com/api/v3/timelines/17/254645/275073/300331503?language=en,data/raw/2018/fifa/timelines/m001_300331503.json
2018,2,300353632,2018-06-15T12:00:00Z,group,Group A,43855,Egypt,43930,Uruguay,43930,Uruguay,90,97,fifa_timeline_period_label,https://api.fifa.com/api/v3/timelines/17/254645/275073/300353632?language=en,data/raw/2018/fifa/timelines/m002_300353632.json
2018,3,300331524,2018-06-15T18:00:00Z,group,Group B,43963,Portugal,43969,Spain,,,90,96,fifa_timeline_period_label,https://api.fifa.com/api/v3/timelines/17/254645/275073/300331524?language=en,data/raw/2018/fifa/timelines/m003_300331524.json
2018,4,300331526,2018-06-15T15:00:00Z,group,Group B,43872,Morocco,43817,Iran,43817,Iran,90,97,fifa_timeline_period_label,https://api.fifa.com/api/v3/timelines/17/254645/275073/300331526?language=en,data/raw/2018/fifa/timelines/m004_300331526.json
2018,5,300331533,2018-06-16T10:00:00Z,group,Group C,43946,France,43976,Australia,43946,France,90,96,fifa_timeline_period_label,https://api.fifa.com/api/v3/timelines/17/254645/275073/300331533?language=en,data/raw/2018/fifa/timelines/m005_300331533.json
2018,6,300331528,2018-06-16T16:00:00Z,group,Group C,43929,Peru,43941,Denmark,43941,Denmark,90,96,fifa_timeline_period_label,https://api.fifa.com/api/v3/timelines/17/254645/275073/300331528?language=en,data/raw/2018/fifa/timelines/m006_300331528.json
2018,7,300331515,2018-06-16T13:00:00Z,group,Group D,43922,Argentina,43951,Iceland,,,90,96,fifa_timeline_period_label,https://api.fifa.com/api/v3/timelines/17/254645/275073/300331515?language=en,data/raw/2018/fifa/timelines/m007_300331515.json
2018,8,300331523,2018-06-16T19:00:00Z,group,Group D,43938,Croatia,43876,Nigeria,43938,Croatia,90,95,fifa_timeline_period_label,https://api.fifa.com/api/v3/timelines/17/254645/275073/300331523?language=en,data/raw/2018/fifa/timelines/m008_300331523.json
2018,9,300331525,2018-06-17T18:00:00Z,group,Group E,43924,Brazil,43971,Switzerland,,,90,97,fifa_timeline_period_label,https://api.fifa.com/api/v3/timelines/17/254645/275073/300331525?language=en,data/raw/2018/fifa/timelines/m009_300331525.json
2018,10,300331529,2018-06-17T12:00:00Z,group,Group E,43901,Costa Rica,1902465,Serbia,1902465,Serbia,90,98,fifa_timeline_period_label,https://api.fifa.com/api/v3/timelines/17/254645/275073/300331529?language=en,data/raw/2018/fifa/timelines/m010_300331529.json
2018,11,300331502,2018-06-17T15:00:00Z,group,Group F,43948,Germany,43911,Mexico,43911,Mexico,90,94,fifa_timeline_period_label,https://api.fifa.com/api/v3/timelines/17/254645/275073/300331502?language=en,data/raw/2018/fifa/timelines/m011_300331502.json
2018,12,300331499,2018-06-18T12:00:00Z,group,Group F,43970,Sweden,43822,Korea Republic,43970,Sweden,90,95,fifa_timeline_period_label,https://api.fifa.com/api/v3/timelines/17/254645/275073/300331499?language=en,data/raw/2018/fifa/timelines/m012_300331499.json
2018,13,300331539,2018-06-18T15:00:00Z,group,Group G,43935,Belgium,43914,Panama,43935,Belgium,90,95,fifa_timeline_period_label,https://api.fifa.com/api/v3/timelines/17/254645/275073/300331539?language=en,data/raw/2018/fifa/timelines/m013_300331539.json
2018,14,300331554,2018-06-18T18:00:00Z,group,Group G,43888,Tunisia,43942,England,43942,England,90,95,fifa_timeline_period_label,https://api.fifa.com/api/v3/timelines/17/254645/275073/300331554?language=en,data/raw/2018/fifa/timelines/m014_300331554.json
2018,15,300331545,2018-06-19T15:00:00Z,group,Group H,43962,Poland,43879,Senegal,43879,Senegal,90,95,fifa_timeline_period_label,https://api.fifa.com/api/v3/timelines/17/254645/275073/300331545?language=en,data/raw/2018/fifa/timelines/m015_300331545.json
2018,16,300331550,2018-06-19T12:00:00Z,group,Group H,43926,Colombia,43819,Japan,43819,Japan,90,96,fifa_timeline_period_label,https://api.fifa.com/api/v3/timelines/17/254645/275073/300331550?language=en,data/raw/2018/fifa/timelines/m016_300331550.json
2018,17,300331495,2018-06-19T18:00:00Z,group,Group A,43965,Russia,43855,Egypt,43965,Russia,90,95,fifa_timeline_period_label,https://api.fifa.com/api/v3/timelines/17/254645/275073/300331495?language=en,data/raw/2018/fifa/timelines/m017_300331495.json
2018,18,300331530,2018-06-20T15:00:00Z,group,Group A,43930,Uruguay,43835,Saudi Arabia,43930,Uruguay,90,95,fifa_timeline_period_label,https://api.fifa.com/api/v3/timelines/17/254645/275073/300331530?language=en,data/raw/2018/fifa/timelines/m018_300331530.json
2018,19,300331511,2018-06-20T12:00:00Z,group,Group B,43963,Portugal,43872,Morocco,43963,Portugal,90,96,fifa_timeline_period_label,https://api.fifa.com/api/v3/timelines/17/254645/275073/300331511?language=en,data/raw/2018/fifa/timelines/m019_300331511.json
2018,20,300331496,2018-06-20T18:00:00Z,group,Group B,43817,Iran,43969,Spain,43969,Spain,90,95,fifa_timeline_period_label,https://api.fifa.com/api/v3/timelines/17/254645/275073/300331496?language=en,data/raw/2018/fifa/timelines/m020_300331496.json
2018,21,300331527,2018-06-21T15:00:00Z,group,Group C,43946,France,43929,Peru,43946,France,90,95,fifa_timeline_period_label,https://api.fifa.com/api/v3/timelines/17/254645/275073/300331527?language=en,data/raw/2018/fifa/timelines/m021_300331527.json
2018,22,300331518,2018-06-21T12:00:00Z,group,Group C,43941,Denmark,43976,Australia,,,90,94,fifa_timeline_period_label,https://api.fifa.com/api/v3/timelines/17/254645/275073/300331518?language=en,data/raw/2018/fifa/timelines/m022_300331518.json
2018,23,300331513,2018-06-21T18:00:00Z,group,Group D,43922,Argentina,43938,Croatia,43938,Croatia,90,95,fifa_timeline_period_label,https://api.fifa.com/api/v3/timelines/17/254645/275073/300331513?language=en,data/raw/2018/fifa/timelines/m023_300331513.json
2018,24,300331497,2018-06-22T15:00:00Z,group,Group D,43876,Nigeria,43951,Iceland,43876,Nigeria,90,97,fifa_timeline_period_label,https://api.fifa.com/api/v3/timelines/17/254645/275073/300331497?language=en,data/raw/2018/fifa/timelines/m024_300331497.json
2018,25,300331540,2018-06-22T12:00:00Z,group,Group E,43924,Brazil,43901,Costa Rica,43924,Brazil,90,99,fifa_timeline_period_label,https://api.fifa.com/api/v3/timelines/17/254645/275073/300331540?language=en,data/raw/2018/fifa/timelines/m025_300331540.json
2018,26,300340183,2018-06-22T18:00:00Z,group,Group E,1902465,Serbia,43971,Switzerland,43971,Switzerland,90,96,fifa_timeline_period_label,https://api.fifa.com/api/v3/timelines/17/254645/275073/300340183?language=en,data/raw/2018/fifa/timelines/m026_300340183.json
2018,27,300331501,2018-06-23T18:00:00Z,group,Group F,43948,Germany,43970,Sweden,43948,Germany,90,98,fifa_timeline_period_label,https://api.fifa.com/api/v3/timelines/17/254645/275073/300331501?language=en,data/raw/2018/fifa/timelines/m027_300331501.json
2018,28,300331549,2018-06-23T15:00:00Z,group,Group F,43822,Korea Republic,43911,Mexico,43911,Mexico,90,96,fifa_timeline_period_label,https://api.fifa.com/api/v3/timelines/17/254645/275073/300331549?language=en,data/raw/2018/fifa/timelines/m028_300331549.json
2018,29,300331547,2018-06-23T12:00:00Z,group,Group G,43935,Belgium,43888,Tunisia,43935,Belgium,90,94,fifa_timeline_period_label,https://api.fifa.com/api/v3/timelines/17/254645/275073/300331547?language=en,data/raw/2018/fifa/timelines/m029_300331547.json
2018,30,300331546,2018-06-24T12:00:00Z,group,Group G,43942,England,43914,Panama,43942,England,90,95,fifa_timeline_period_label,https://api.fifa.com/api/v3/timelines/17/254645/275073/300331546?language=en,data/raw/2018/fifa/timelines/m030_300331546.json
2018,31,300331508,2018-06-24T18:00:00Z,group,Group H,43962,Poland,43926,Colombia,43926,Colombia,90,96,fifa_timeline_period_label,https://api.fifa.com/api/v3/timelines/17/254645/275073/300331508?language=en,data/raw/2018/fifa/timelines/m031_300331508.json
2018,32,300331505,2018-06-24T15:00:00Z,group,Group H,43819,Japan,43879,Senegal,,,90,95,fifa_timeline_period_label,https://api.fifa.com/api/v3/timelines/17/254645/275073/300331505?language=en,data/raw/2018/fifa/timelines/m032_300331505.json
2018,33,300331516,2018-06-25T14:00:00Z,group,Group A,43930,Uruguay,43965,Russia,43930,Uruguay,90,95,fifa_timeline_period_label,https://api.fifa.com/api/v3/timelines/17/254645/275073/300331516?language=en,data/raw/2018/fifa/timelines/m033_300331516.json
2018,34,300331509,2018-06-25T14:00:00Z,group,Group A,43835,Saudi Arabia,43855,Egypt,43835,Saudi Arabia,90,96,fifa_timeline_period_label,https://api.fifa.com/api/v3/timelines/17/254645/275073/300331509?language=en,data/raw/2018/fifa/timelines/m034_300331509.json
2018,35,300331500,2018-06-25T18:00:00Z,group,Group B,43817,Iran,43963,Portugal,,,90,98,fifa_timeline_period_label,https://api.fifa.com/api/v3/timelines/17/254645/275073/300331500?language=en,data/raw/2018/fifa/timelines/m035_300331500.json
2018,36,300340184,2018-06-25T18:00:00Z,group,Group B,43969,Spain,43872,Morocco,,,90,97,fifa_timeline_period_label,https://api.fifa.com/api/v3/timelines/17/254645/275073/300340184?language=en,data/raw/2018/fifa/timelines/m036_300340184.json
2018,37,300331512,2018-06-26T14:00:00Z,group,Group C,43941,Denmark,43946,France,,,90,94,fifa_timeline_period_label,https://api.fifa.com/api/v3/timelines/17/254645/275073/300331512?language=en,data/raw/2018/fifa/timelines/m037_300331512.json
2018,38,300331506,2018-06-26T14:00:00Z,group,Group C,43976,Australia,43929,Peru,43929,Peru,90,95,fifa_timeline_period_label,https://api.fifa.com/api/v3/timelines/17/254645/275073/300331506?language=en,data/raw/2018/fifa/timelines/m038_300331506.json
2018,39,300331519,2018-06-26T18:00:00Z,group,Group D,43876,Nigeria,43922,Argentina,43922,Argentina,90,95,fifa_timeline_period_label,https://api.fifa.com/api/v3/timelines/17/254645/275073/300331519?language=en,data/raw/2018/fifa/timelines/m039_300331519.json
2018,40,300331510,2018-06-26T18:00:00Z,group,Group D,43951,Iceland,43938,Croatia,43938,Croatia,90,95,fifa_timeline_period_label,https://api.fifa.com/api/v3/timelines/17/254645/275073/300331510?language=en,data/raw/2018/fifa/timelines/m040_300331510.json
2018,41,300331521,2018-06-27T18:00:00Z,group,Group E,1902465,Serbia,43924,Brazil,43924,Brazil,90,94,fifa_timeline_period_label,https://api.fifa.com/api/v3/timelines/17/254645/275073/300331521?language=en,data/raw/2018/fifa/timelines/m041_300331521.json
2018,42,300331534,2018-06-27T18:00:00Z,group,Group E,43971,Switzerland,43901,Costa Rica,,,90,96,fifa_timeline_period_label,https://api.fifa.com/api/v3/timelines/17/254645/275073/300331534?language=en,data/raw/2018/fifa/timelines/m042_300331534.json
2018,43,300331532,2018-06-27T14:00:00Z,group,Group F,43822,Korea Republic,43948,Germany,43822,Korea Republic,90,100,fifa_timeline_period_label,https://api.fifa.com/api/v3/timelines/17/254645/275073/300331532?language=en,data/raw/2018/fifa/timelines/m043_300331532.json
2018,44,300331548,2018-06-27T14:00:00Z,group,Group F,43911,Mexico,43970,Sweden,43970,Sweden,90,95,fifa_timeline_period_label,https://api.fifa.com/api/v3/timelines/17/254645/275073/300331548?language=en,data/raw/2018/fifa/timelines/m044_300331548.json
2018,45,300340182,2018-06-28T18:00:00Z,group,Group G,43942,England,43935,Belgium,43935,Belgium,90,94,fifa_timeline_period_label,https://api.fifa.com/api/v3/timelines/17/254645/275073/300340182?language=en,data/raw/2018/fifa/timelines/m045_300340182.json
2018,46,300331520,2018-06-28T18:00:00Z,group,Group G,43914,Panama,43888,Tunisia,43888,Tunisia,90,98,fifa_timeline_period_label,https://api.fifa.com/api/v3/timelines/17/254645/275073/300331520?language=en,data/raw/2018/fifa/timelines/m046_300331520.json
2018,47,300331507,2018-06-28T14:00:00Z,group,Group H,43819,Japan,43962,Poland,43962,Poland,90,94,fifa_timeline_period_label,https://api.fifa.com/api/v3/timelines/17/254645/275073/300331507?language=en,data/raw/2018/fifa/timelines/m047_300331507.json
2018,48,300331553,2018-06-28T14:00:00Z,group,Group H,43879,Senegal,43926,Colombia,43926,Colombia,90,95,fifa_timeline_period_label,https://api.fifa.com/api/v3/timelines/17/254645/275073/300331553?language=en,data/raw/2018/fifa/timelines/m048_300331553.json
2018,49,300331544,2018-06-30T18:00:00Z,round_of_16,,43930,Uruguay,43963,Portugal,43930,Uruguay,90,96,fifa_timeline_period_label,https://api.fifa.com/api/v3/timelines/17/254645/275093/300331544?language=en,data/raw/2018/fifa/timelines/m049_300331544.json
2018,50,300331537,2018-06-30T14:00:00Z,round_of_16,,43946,France,43922,Argentina,43946,France,90,96,fifa_timeline_period_label,https://api.fifa.com/api/v3/timelines/17/254645/275093/300331537?language=en,data/raw/2018/fifa/timelines/m050_300331537.json
2018,51,300331517,2018-07-01T14:00:00Z,round_of_16,,43969,Spain,43965,Russia,43965,Russia,120,122,fifa_timeline_period_label,https://api.fifa.com/api/v3/timelines/17/254645/275093/300331517?language=en,data/raw/2018/fifa/timelines/m051_300331517.json
2018,52,300331498,2018-07-01T18:00:00Z,round_of_16,,43938,Croatia,43941,Denmark,43938,Croatia,120,122,fifa_timeline_period_label,https://api.fifa.com/api/v3/timelines/17/254645/275093/300331498?language=en,data/raw/2018/fifa/timelines/m052_300331498.json
2018,53,300331535,2018-07-02T14:00:00Z,round_of_16,,43924,Brazil,43911,Mexico,43924,Brazil,90,97,fifa_timeline_period_label,https://api.fifa.com/api/v3/timelines/17/254645/275093/300331535?language=en,data/raw/2018/fifa/timelines/m053_300331535.json
2018,54,300331551,2018-07-02T18:00:00Z,round_of_16,,43935,Belgium,43819,Japan,43935,Belgium,90,96,fifa_timeline_period_label,https://api.fifa.com/api/v3/timelines/17/254645/275093/300331551?language=en,data/raw/2018/fifa/timelines/m054_300331551.json
2018,55,300331514,2018-07-03T14:00:00Z,round_of_16,,43970,Sweden,43971,Switzerland,43970,Sweden,90,97,fifa_timeline_period_label,https://api.fifa.com/api/v3/timelines/17/254645/275093/300331514?language=en,data/raw/2018/fifa/timelines/m055_300331514.json
2018,56,300331542,2018-07-03T18:00:00Z,round_of_16,,43926,Colombia,43942,England,43942,England,120,122,fifa_timeline_period_label,https://api.fifa.com/api/v3/timelines/17/254645/275093/300331542?language=en,data/raw/2018/fifa/timelines/m056_300331542.json
2018,57,300331543,2018-07-06T14:00:00Z,quarter_final,,43930,Uruguay,43946,France,43946,France,90,95,fifa_timeline_period_label,https://api.fifa.com/api/v3/timelines/17/254645/275095/300331543?language=en,data/raw/2018/fifa/timelines/m057_300331543.json
2018,58,300331538,2018-07-06T18:00:00Z,quarter_final,,43924,Brazil,43935,Belgium,43935,Belgium,90,96,fifa_timeline_period_label,https://api.fifa.com/api/v3/timelines/17/254645/275095/300331538?language=en,data/raw/2018/fifa/timelines/m058_300331538.json
2018,59,300331504,2018-07-07T18:00:00Z,quarter_final,,43965,Russia,43938,Croatia,43938,Croatia,120,122,fifa_timeline_period_label,https://api.fifa.com/api/v3/timelines/17/254645/275095/300331504?language=en,data/raw/2018/fifa/timelines/m059_300331504.json
2018,60,300331541,2018-07-07T14:00:00Z,quarter_final,,43970,Sweden,43942,England,43942,England,90,96,fifa_timeline_period_label,https://api.fifa.com/api/v3/timelines/17/254645/275095/300331541?language=en,data/raw/2018/fifa/timelines/m060_300331541.json
2018,61,300331531,2018-07-10T18:00:00Z,semi_final,,43946,France,43935,Belgium,43946,France,90,97,fifa_timeline_period_label,https://api.fifa.com/api/v3/timelines/17/254645/275097/300331531?language=en,data/raw/2018/fifa/timelines/m061_300331531.json
2018,62,300331522,2018-07-11T18:00:00Z,semi_final,,43938,Croatia,43942,England,43938,Croatia,120,125,fifa_timeline_period_label,https://api.fifa.com/api/v3/timelines/17/254645/275097/300331522?language=en,data/raw/2018/fifa/timelines/m062_300331522.json
2018,63,300331536,2018-07-14T14:00:00Z,third_place,,43935,Belgium,43942,England,43935,Belgium,90,94,fifa_timeline_period_label,https://api.fifa.com/api/v3/timelines/17/254645/275099/300331536?language=en,data/raw/2018/fifa/timelines/m063_300331536.json
2018,64,300331552,2018-07-15T15:00:00Z,final,,43946,France,43938,Croatia,43946,France,90,96,fifa_timeline_period_label,https://api.fifa.com/api/v3/timelines/17/254645/275101/300331552?language=en,data/raw/2018/fifa/timelines/m064_300331552.json
2022,1,400128082,2022-11-20T16:00:00Z,group,Group A,43834,Qatar,43927,Ecuador,43927,Ecuador,90,96,fifa_timeline_period_label,https://api.fifa.com/api/v3/timelines/17/255711/285063/400128082?language=en,data/raw/2022/fifa/timelines/m001_400128082.json
2022,2,400235449,2022-11-21T16:00:00Z,group,Group A,43879,Senegal,43960,Netherlands,43960,Netherlands,90,101,fifa_timeline_period_label,https://api.fifa.com/api/v3/timelines/17/255711/285063/400235449?language=en,data/raw/2022/fifa/timelines/m002_400235449.json
2022,3,400235458,2022-11-21T13:00:00Z,group,Group B,43942,England,43817,Iran,43942,England,90,104,fifa_timeline_period_label,https://api.fifa.com/api/v3/timelines/17/255711/285063/400235458?language=en,data/raw/2022/fifa/timelines/m003_400235458.json
2022,4,400235455,2022-11-21T19:00:00Z,group,Group B,43921,United States,43974,Wales,,,90,101,fifa_timeline_period_label,https://api.fifa.com/api/v3/timelines/17/255711/285063/400235455?language=en,data/raw/2022/fifa/timelines/m004_400235455.json
2022,5,400235470,2022-11-22T19:00:00Z,group,Group D,43946,France,43976,Australia,43946,France,90,98,fifa_timeline_period_label,https://api.fifa.com/api/v3/timelines/17/255711/285063/400235470?language=en,data/raw/2022/fifa/timelines/m005_400235470.json
2022,6,400235466,2022-11-22T13:00:00Z,group,Group D,43941,Denmark,43888,Tunisia,,,90,98,fifa_timeline_period_label,https://api.fifa.com/api/v3/timelines/17/255711/285063/400235466?language=en,data/raw/2022/fifa/timelines/m006_400235466.json
2022,7,400235463,2022-11-22T16:00:00Z,group,Group C,43911,Mexico,43962,Poland,,,90,98,fifa_timeline_period_label,https://api.fifa.com/api/v3/timelines/17/255711/285063/400235463?language=en,data/raw/2022/fifa/timelines/m007_400235463.json
2022,8,400235461,2022-11-22T10:00:00Z,group,Group C,43922,Argentina,43835,Saudi Arabia,43835,Saudi Arabia,90,104,fifa_timeline_period_label,https://api.fifa.com/api/v3/timelines/17/255711/285063/400235461?language=en,data/raw/2022/fifa/timelines/m008_400235461.json
2022,9,400235477,2022-11-23T19:00:00Z,group,Group F,43935,Belgium,43899,Canada,43935,Belgium,90,96,fifa_timeline_period_label,https://api.fifa.com/api/v3/timelines/17/255711/285063/400235477?language=en,data/raw/2022/fifa/timelines/m009_400235477.json
2022,10,400235472,2022-11-23T16:00:00Z,group,Group E,43969,Spain,43901,Costa Rica,43969,Spain,90,99,fifa_timeline_period_label,https://api.fifa.com/api/v3/timelines/17/255711/285063/400235472?language=en,data/raw/2022/fifa/timelines/m010_400235472.json
2022,11,400235476,2022-11-23T13:00:00Z,group,Group E,43948,Germany,43819,Japan,43819,Japan,90,99,fifa_timeline_period_label,https://api.fifa.com/api/v3/timelines/17/255711/285063/400235476?language=en,data/raw/2022/fifa/timelines/m011_400235476.json
2022,12,400235481,2022-11-23T10:00:00Z,group,Group F,43872,Morocco,43938,Croatia,,,90,97,fifa_timeline_period_label,https://api.fifa.com/api/v3/timelines/17/255711/285063/400235481?language=en,data/raw/2022/fifa/timelines/m012_400235481.json
2022,13,400235488,2022-11-24T10:00:00Z,group,Group G,43971,Switzerland,43849,Cameroon,43971,Switzerland,90,97,fifa_timeline_period_label,https://api.fifa.com/api/v3/timelines/17/255711/285063/400235488?language=en,data/raw/2022/fifa/timelines/m013_400235488.json
2022,14,400235491,2022-11-24T13:00:00Z,group,Group H,43930,Uruguay,43822,Korea Republic,,,90,98,fifa_timeline_period_label,https://api.fifa.com/api/v3/timelines/17/255711/285063/400235491?language=en,data/raw/2022/fifa/timelines/m014_400235491.json
2022,15,400235493,2022-11-24T16:00:00Z,group,Group H,43963,Portugal,43860,Ghana,43963,Portugal,90,101,fifa_timeline_period_label,https://api.fifa.com/api/v3/timelines/17/255711/285063/400235493?language=en,data/raw/2022/fifa/timelines/m015_400235493.json
2022,16,400235484,2022-11-24T19:00:00Z,group,Group G,43924,Brazil,1902465,Serbia,43924,Brazil,90,98,fifa_timeline_period_label,https://api.fifa.com/api/v3/timelines/17/255711/285063/400235484?language=en,data/raw/2022/fifa/timelines/m016_400235484.json
2022,17,400235453,2022-11-25T10:00:00Z,group,Group B,43974,Wales,43817,Iran,43817,Iran,90,103,fifa_timeline_period_label,https://api.fifa.com/api/v3/timelines/17/255711/285063/400235453?language=en,data/raw/2022/fifa/timelines/m017_400235453.json
2022,18,400235448,2022-11-25T13:00:00Z,group,Group A,43834,Qatar,43879,Senegal,43879,Senegal,90,97,fifa_timeline_period_label,https://api.fifa.com/api/v3/timelines/17/255711/285063/400235448?language=en,data/raw/2022/fifa/timelines/m018_400235448.json
2022,19,400235452,2022-11-25T16:00:00Z,group,Group A,43960,Netherlands,43927,Ecuador,,,90,97,fifa_timeline_period_label,https://api.fifa.com/api/v3/timelines/17/255711/285063/400235452?language=en,data/raw/2022/fifa/timelines/m019_400235452.json
2022,20,400235457,2022-11-25T19:00:00Z,group,Group B,43942,England,43921,United States,,,90,95,fifa_timeline_period_label,https://api.fifa.com/api/v3/timelines/17/255711/285063/400235457?language=en,data/raw/2022/fifa/timelines/m020_400235457.json
2022,21,400235469,2022-11-26T10:00:00Z,group,Group D,43888,Tunisia,43976,Australia,43976,Australia,90,97,fifa_timeline_period_label,https://api.fifa.com/api/v3/timelines/17/255711/285063/400235469?language=en,data/raw/2022/fifa/timelines/m021_400235469.json
2022,22,400235459,2022-11-26T13:00:00Z,group,Group C,43962,Poland,43835,Saudi Arabia,43962,Poland,90,98,fifa_timeline_period_label,https://api.fifa.com/api/v3/timelines/17/255711/285063/400235459?language=en,data/raw/2022/fifa/timelines/m022_400235459.json
2022,23,400235467,2022-11-26T16:00:00Z,group,Group D,43946,France,43941,Denmark,43946,France,90,98,fifa_timeline_period_label,https://api.fifa.com/api/v3/timelines/17/255711/285063/400235467?language=en,data/raw/2022/fifa/timelines/m023_400235467.json
2022,24,400235462,2022-11-26T19:00:00Z,group,Group C,43922,Argentina,43911,Mexico,43922,Argentina,90,97,fifa_timeline_period_label,https://api.fifa.com/api/v3/timelines/17/255711/285063/400235462?language=en,data/raw/2022/fifa/timelines/m024_400235462.json
2022,25,400235471,2022-11-27T10:00:00Z,group,Group E,43819,Japan,43901,Costa Rica,43901,Costa Rica,90,97,fifa_timeline_period_label,https://api.fifa.com/api/v3/timelines/17/255711/285063/400235471?language=en,data/raw/2022/fifa/timelines/m025_400235471.json
2022,26,400235480,2022-11-27T13:00:00Z,group,Group F,43935,Belgium,43872,Morocco,43872,Morocco,90,96,fifa_timeline_period_label,https://api.fifa.com/api/v3/timelines/17/255711/285063/400235480?language=en,data/raw/2022/fifa/timelines/m026_400235480.json
2022,27,400235482,2022-11-27T16:00:00Z,group,Group F,43938,Croatia,43899,Canada,43938,Croatia,90,97,fifa_timeline_period_label,https://api.fifa.com/api/v3/timelines/17/255711/285063/400235482?language=en,data/raw/2022/fifa/timelines/m027_400235482.json
2022,28,400235474,2022-11-27T19:00:00Z,group,Group E,43969,Spain,43948,Germany,,,90,96,fifa_timeline_period_label,https://api.fifa.com/api/v3/timelines/17/255711/285063/400235474?language=en,data/raw/2022/fifa/timelines/m028_400235474.json
2022,29,400235487,2022-11-28T10:00:00Z,group,Group G,43849,Cameroon,1902465,Serbia,,,90,97,fifa_timeline_period_label,https://api.fifa.com/api/v3/timelines/17/255711/285063/400235487?language=en,data/raw/2022/fifa/timelines/m029_400235487.json
2022,30,400235489,2022-11-28T13:00:00Z,group,Group H,43822,Korea Republic,43860,Ghana,43860,Ghana,90,101,fifa_timeline_period_label,https://api.fifa.com/api/v3/timelines/17/255711/285063/400235489?language=en,data/raw/2022/fifa/timelines/m030_400235489.json
2022,31,400235485,2022-11-28T16:00:00Z,group,Group G,43924,Brazil,43971,Switzerland,43924,Brazil,90,96,fifa_timeline_period_label,https://api.fifa.com/api/v3/timelines/17/255711/285063/400235485?language=en,data/raw/2022/fifa/timelines/m031_400235485.json
2022,32,400235492,2022-11-28T19:00:00Z,group,Group H,43963,Portugal,43930,Uruguay,43963,Portugal,90,101,fifa_timeline_period_label,https://api.fifa.com/api/v3/timelines/17/255711/285063/400235492?language=en,data/raw/2022/fifa/timelines/m032_400235492.json
2022,33,400235454,2022-11-29T19:00:00Z,group,Group B,43974,Wales,43942,England,43942,England,90,95,fifa_timeline_period_label,https://api.fifa.com/api/v3/timelines/17/255711/285063/400235454?language=en,data/raw/2022/fifa/timelines/m033_400235454.json
2022,34,400235456,2022-11-29T19:00:00Z,group,Group B,43817,Iran,43921,United States,43921,United States,90,101,fifa_timeline_period_label,https://api.fifa.com/api/v3/timelines/17/255711/285063/400235456?language=en,data/raw/2022/fifa/timelines/m034_400235456.json
2022,35,400235451,2022-11-29T15:00:00Z,group,Group A,43927,Ecuador,43879,Senegal,43879,Senegal,90,97,fifa_timeline_period_label,https://api.fifa.com/api/v3/timelines/17/255711/285063/400235451?language=en,data/raw/2022/fifa/timelines/m035_400235451.json
2022,36,400235450,2022-11-29T15:00:00Z,group,Group A,43960,Netherlands,43834,Qatar,43960,Netherlands,90,97,fifa_timeline_period_label,https://api.fifa.com/api/v3/timelines/17/255711/285063/400235450?language=en,data/raw/2022/fifa/timelines/m036_400235450.json
2022,37,400235468,2022-11-30T15:00:00Z,group,Group D,43976,Australia,43941,Denmark,43976,Australia,90,97,fifa_timeline_period_label,https://api.fifa.com/api/v3/timelines/17/255711/285063/400235468?language=en,data/raw/2022/fifa/timelines/m037_400235468.json
2022,38,400235465,2022-11-30T15:00:00Z,group,Group D,43888,Tunisia,43946,France,43888,Tunisia,90,103,fifa_timeline_period_label,https://api.fifa.com/api/v3/timelines/17/255711/285063/400235465?language=en,data/raw/2022/fifa/timelines/m038_400235465.json
2022,39,400235464,2022-11-30T19:00:00Z,group,Group C,43962,Poland,43922,Argentina,43922,Argentina,90,97,fifa_timeline_period_label,https://api.fifa.com/api/v3/timelines/17/255711/285063/400235464?language=en,data/raw/2022/fifa/timelines/m039_400235464.json
2022,40,400235460,2022-11-30T19:00:00Z,group,Group C,43835,Saudi Arabia,43911,Mexico,43911,Mexico,90,98,fifa_timeline_period_label,https://api.fifa.com/api/v3/timelines/17/255711/285063/400235460?language=en,data/raw/2022/fifa/timelines/m040_400235460.json
2022,41,400235478,2022-12-01T15:00:00Z,group,Group F,43938,Croatia,43935,Belgium,,,90,95,fifa_timeline_period_label,https://api.fifa.com/api/v3/timelines/17/255711/285063/400235478?language=en,data/raw/2022/fifa/timelines/m041_400235478.json
2022,42,400235479,2022-12-01T15:00:00Z,group,Group F,43899,Canada,43872,Morocco,43872,Morocco,90,94,fifa_timeline_period_label,https://api.fifa.com/api/v3/timelines/17/255711/285063/400235479?language=en,data/raw/2022/fifa/timelines/m042_400235479.json
2022,43,400235475,2022-12-01T19:00:00Z,group,Group E,43819,Japan,43969,Spain,43819,Japan,90,98,fifa_timeline_period_label,https://api.fifa.com/api/v3/timelines/17/255711/285063/400235475?language=en,data/raw/2022/fifa/timelines/m043_400235475.json
2022,44,400235473,2022-12-01T19:00:00Z,group,Group E,43901,Costa Rica,43948,Germany,43948,Germany,90,101,fifa_timeline_period_label,https://api.fifa.com/api/v3/timelines/17/255711/285063/400235473?language=en,data/raw/2022/fifa/timelines/m044_400235473.json
2022,45,400235494,2022-12-02T15:00:00Z,group,Group H,43860,Ghana,43930,Uruguay,43930,Uruguay,90,100,fifa_timeline_period_label,https://api.fifa.com/api/v3/timelines/17/255711/285063/400235494?language=en,data/raw/2022/fifa/timelines/m045_400235494.json
2022,46,400235490,2022-12-02T15:00:00Z,group,Group H,43822,Korea Republic,43963,Portugal,43822,Korea Republic,90,98,fifa_timeline_period_label,https://api.fifa.com/api/v3/timelines/17/255711/285063/400235490?language=en,data/raw/2022/fifa/timelines/m046_400235490.json
2022,47,400235486,2022-12-02T19:00:00Z,group,Group G,1902465,Serbia,43971,Switzerland,43971,Switzerland,90,101,fifa_timeline_period_label,https://api.fifa.com/api/v3/timelines/17/255711/285063/400235486?language=en,data/raw/2022/fifa/timelines/m047_400235486.json
2022,48,400235483,2022-12-02T19:00:00Z,group,Group G,43849,Cameroon,43924,Brazil,43849,Cameroon,90,100,fifa_timeline_period_label,https://api.fifa.com/api/v3/timelines/17/255711/285063/400235483?language=en,data/raw/2022/fifa/timelines/m048_400235483.json
2022,49,400128136,2022-12-03T15:00:00Z,round_of_16,,43960,Netherlands,43921,United States,43960,Netherlands,90,97,fifa_timeline_period_label,https://api.fifa.com/api/v3/timelines/17/255711/285073/400128136?language=en,data/raw/2022/fifa/timelines/m049_400128136.json
2022,50,400128131,2022-12-03T19:00:00Z,round_of_16,,43922,Argentina,43976,Australia,43922,Argentina,90,98,fifa_timeline_period_label,https://api.fifa.com/api/v3/timelines/17/255711/285073/400128131?language=en,data/raw/2022/fifa/timelines/m050_400128131.json
2022,51,400128134,2022-12-04T19:00:00Z,round_of_16,,43942,England,43879,Senegal,43942,England,90,95,fifa_timeline_period_label,https://api.fifa.com/api/v3/timelines/17/255711/285073/400128134?language=en,data/raw/2022/fifa/timelines/m051_400128134.json
2022,52,400128135,2022-12-04T15:00:00Z,round_of_16,,43946,France,43962,Poland,43946,France,90,100,fifa_timeline_period_label,https://api.fifa.com/api/v3/timelines/17/255711/285073/400128135?language=en,data/raw/2022/fifa/timelines/m052_400128135.json
2022,53,400128132,2022-12-05T15:00:00Z,round_of_16,,43819,Japan,43938,Croatia,43938,Croatia,120,121,fifa_timeline_period_label,https://api.fifa.com/api/v3/timelines/17/255711/285073/400128132?language=en,data/raw/2022/fifa/timelines/m053_400128132.json
2022,54,400128133,2022-12-05T19:00:00Z,round_of_16,,43924,Brazil,43822,Korea Republic,43924,Brazil,90,95,fifa_timeline_period_label,https://api.fifa.com/api/v3/timelines/17/255711/285073/400128133?language=en,data/raw/2022/fifa/timelines/m054_400128133.json
2022,55,400128137,2022-12-06T15:00:00Z,round_of_16,,43872,Morocco,43969,Spain,43872,Morocco,120,124,fifa_timeline_period_label,https://api.fifa.com/api/v3/timelines/17/255711/285073/400128137?language=en,data/raw/2022/fifa/timelines/m055_400128137.json
2022,56,400128130,2022-12-06T19:00:00Z,round_of_16,,43963,Portugal,43971,Switzerland,43963,Portugal,90,95,fifa_timeline_period_label,https://api.fifa.com/api/v3/timelines/17/255711/285073/400128130?language=en,data/raw/2022/fifa/timelines/m056_400128130.json
2022,57,400128139,2022-12-09T19:00:00Z,quarter_final,,43960,Netherlands,43922,Argentina,43922,Argentina,120,122,fifa_timeline_period_label,https://api.fifa.com/api/v3/timelines/17/255711/285074/400128139?language=en,data/raw/2022/fifa/timelines/m057_400128139.json
2022,58,400128141,2022-12-09T15:00:00Z,quarter_final,,43938,Croatia,43924,Brazil,43938,Croatia,120,123,fifa_timeline_period_label,https://api.fifa.com/api/v3/timelines/17/255711/285074/400128141?language=en,data/raw/2022/fifa/timelines/m058_400128141.json
2022,59,400128138,2022-12-10T19:00:00Z,quarter_final,,43942,England,43946,France,43946,France,90,101,fifa_timeline_period_label,https://api.fifa.com/api/v3/timelines/17/255711/285074/400128138?language=en,data/raw/2022/fifa/timelines/m059_400128138.json
2022,60,400128140,2022-12-10T15:00:00Z,quarter_final,,43872,Morocco,43963,Portugal,43872,Morocco,90,99,fifa_timeline_period_label,https://api.fifa.com/api/v3/timelines/17/255711/285074/400128140?language=en,data/raw/2022/fifa/timelines/m060_400128140.json
2022,61,400128143,2022-12-13T19:00:00Z,semi_final,,43922,Argentina,43938,Croatia,43922,Argentina,90,95,fifa_timeline_period_label,https://api.fifa.com/api/v3/timelines/17/255711/285075/400128143?language=en,data/raw/2022/fifa/timelines/m061_400128143.json
2022,62,400128142,2022-12-14T19:00:00Z,semi_final,,43946,France,43872,Morocco,43946,France,90,96,fifa_timeline_period_label,https://api.fifa.com/api/v3/timelines/17/255711/285075/400128142?language=en,data/raw/2022/fifa/timelines/m062_400128142.json
2022,63,400128144,2022-12-17T15:00:00Z,third_place,,43938,Croatia,43872,Morocco,43938,Croatia,90,97,fifa_timeline_period_label,https://api.fifa.com/api/v3/timelines/17/255711/285076/400128144?language=en,data/raw/2022/fifa/timelines/m063_400128144.json
2022,64,400128145,2022-12-18T15:00:00Z,final,,43922,Argentina,43946,France,43922,Argentina,120,125,fifa_timeline_period_label,https://api.fifa.com/api/v3/timelines/17/255711/285077/400128145?language=en,data/raw/2022/fifa/timelines/m064_400128145.json
2026,1,400021443,2026-06-11T19:00:00Z,group,Group A,43911,Mexico,43883,South Africa,43911,Mexico,90,98,fifa_timeline_period_label,https://api.fifa.com/api/v3/timelines/17/285023/289273/400021443?language=en,data/raw/2026/fifa/timelines/m001_400021443.json
2026,2,400021441,2026-06-12T02:00:00Z,group,Group A,43822,Korea Republic,43995,Czechia,43822,Korea Republic,90,97,fifa_timeline_period_label,https://api.fifa.com/api/v3/timelines/17/285023/289273/400021441?language=en,data/raw/2026/fifa/timelines/m002_400021441.json
2026,3,400021449,2026-06-12T19:00:00Z,group,Group B,43899,Canada,44037,Bosnia and Herzegovina,,,90,97,fifa_timeline_period_label,https://api.fifa.com/api/v3/timelines/17/285023/289273/400021449?language=en,data/raw/2026/fifa/timelines/m003_400021449.json
2026,4,400021458,2026-06-13T01:00:00Z,group,Group D,43921,USA,43928,Paraguay,43921,USA,90,99,fifa_timeline_period_label,https://api.fifa.com/api/v3/timelines/17/285023/289273/400021458?language=en,data/raw/2026/fifa/timelines/m004_400021458.json
2026,5,400021453,2026-06-14T01:00:00Z,group,Group C,43908,Haiti,43967,Scotland,43967,Scotland,90,99,fifa_timeline_period_label,https://api.fifa.com/api/v3/timelines/17/285023/289273/400021453?language=en,data/raw/2026/fifa/timelines/m005_400021453.json
2026,6,400021463,2026-06-14T04:00:00Z,group,Group D,43976,Australia,43972,Türkiye,43976,Australia,90,97,fifa_timeline_period_label,https://api.fifa.com/api/v3/timelines/17/285023/289273/400021463?language=en,data/raw/2026/fifa/timelines/m006_400021463.json
2026,7,400021456,2026-06-13T22:00:00Z,group,Group C,43924,Brazil,43872,Morocco,,,90,101,fifa_timeline_period_label,https://api.fifa.com/api/v3/timelines/17/285023/289273/400021456?language=en,data/raw/2026/fifa/timelines/m007_400021456.json
2026,8,400021447,2026-06-13T19:00:00Z,group,Group B,43834,Qatar,43971,Switzerland,,,90,98,fifa_timeline_period_label,https://api.fifa.com/api/v3/timelines/17/285023/289273/400021447?language=en,data/raw/2026/fifa/timelines/m008_400021447.json
2026,9,400021467,2026-06-14T23:00:00Z,group,Group E,43854,Côte d'Ivoire,43927,Ecuador,43854,Côte d'Ivoire,90,99,fifa_timeline_period_label,https://api.fifa.com/api/v3/timelines/17/285023/289273/400021467?language=en,data/raw/2026/fifa/timelines/m009_400021467.json
2026,10,400021464,2026-06-14T17:00:00Z,group,Group E,43948,Germany,1895293,Curaçao,43948,Germany,90,96,fifa_timeline_period_label,https://api.fifa.com/api/v3/timelines/17/285023/289273/400021464?language=en,data/raw/2026/fifa/timelines/m010_400021464.json
2026,11,400021470,2026-06-14T20:00:00Z,group,Group F,43960,Netherlands,43819,Japan,,,90,97,fifa_timeline_period_label,https://api.fifa.com/api/v3/timelines/17/285023/289273/400021470?language=en,data/raw/2026/fifa/timelines/m011_400021470.json
2026,12,400021474,2026-06-15T02:00:00Z,group,Group F,43970,Sweden,43888,Tunisia,43970,Sweden,90,97,fifa_timeline_period_label,https://api.fifa.com/api/v3/timelines/17/285023/289273/400021474?language=en,data/raw/2026/fifa/timelines/m012_400021474.json
2026,13,400021486,2026-06-15T22:00:00Z,group,Group H,43835,Saudi Arabia,43930,Uruguay,,,90,99,fifa_timeline_period_label,https://api.fifa.com/api/v3/timelines/17/285023/289273/400021486?language=en,data/raw/2026/fifa/timelines/m013_400021486.json
2026,14,400021482,2026-06-15T16:00:00Z,group,Group H,43969,Spain,43850,Cabo Verde,,,90,96,fifa_timeline_period_label,https://api.fifa.com/api/v3/timelines/17/285023/289273/400021482?language=en,data/raw/2026/fifa/timelines/m014_400021482.json
2026,15,400021476,2026-06-16T01:00:00Z,group,Group G,43817,IR Iran,43978,New Zealand,,,90,96,fifa_timeline_period_label,https://api.fifa.com/api/v3/timelines/17/285023/289273/400021476?language=en,data/raw/2026/fifa/timelines/m015_400021476.json
2026,16,400021478,2026-06-15T19:00:00Z,group,Group G,43935,Belgium,43855,Egypt,,,90,96,fifa_timeline_period_label,https://api.fifa.com/api/v3/timelines/17/285023/289273/400021478?language=en,data/raw/2026/fifa/timelines/m016_400021478.json
2026,17,400021490,2026-06-16T19:00:00Z,group,Group I,43946,France,43879,Senegal,43946,France,90,100,fifa_timeline_period_label,https://api.fifa.com/api/v3/timelines/17/285023/289273/400021490?language=en,data/raw/2026/fifa/timelines/m017_400021490.json
2026,18,400021488,2026-06-16T22:00:00Z,group,Group I,43818,Iraq,43961,Norway,43961,Norway,90,98,fifa_timeline_period_label,https://api.fifa.com/api/v3/timelines/17/285023/289273/400021488?language=en,data/raw/2026/fifa/timelines/m018_400021488.json
2026,19,400021496,2026-06-17T01:00:00Z,group,Group J,43922,Argentina,43843,Algeria,43922,Argentina,90,97,fifa_timeline_period_label,https://api.fifa.com/api/v3/timelines/17/285023/289273/400021496?language=en,data/raw/2026/fifa/timelines/m019_400021496.json
2026,20,400021498,2026-06-17T04:00:00Z,group,Group J,43934,Austria,43820,Jordan,43934,Austria,90,103,fifa_timeline_period_label,https://api.fifa.com/api/v3/timelines/17/285023/289273/400021498?language=en,data/raw/2026/fifa/timelines/m020_400021498.json
2026,21,400021510,2026-06-17T23:00:00Z,group,Group L,43860,Ghana,43914,Panama,43860,Ghana,90,102,fifa_timeline_period_label,https://api.fifa.com/api/v3/timelines/17/285023/289273/400021510?language=en,data/raw/2026/fifa/timelines/m021_400021510.json
2026,22,400021507,2026-06-17T20:00:00Z,group,Group L,43942,England,43938,Croatia,43942,England,90,97,fifa_timeline_period_label,https://api.fifa.com/api/v3/timelines/17/285023/289273/400021507?language=en,data/raw/2026/fifa/timelines/m022_400021507.json
2026,23,400021502,2026-06-17T17:00:00Z,group,Group K,43963,Portugal,20014,Congo DR,,,90,95,fifa_timeline_period_label,https://api.fifa.com/api/v3/timelines/17/285023/289273/400021502?language=en,data/raw/2026/fifa/timelines/m023_400021502.json
2026,24,400021504,2026-06-18T02:00:00Z,group,Group K,44005,Uzbekistan,43926,Colombia,43926,Colombia,90,101,fifa_timeline_period_label,https://api.fifa.com/api/v3/timelines/17/285023/289273/400021504?language=en,data/raw/2026/fifa/timelines/m024_400021504.json
2026,25,400021440,2026-06-18T16:00:00Z,group,Group A,43995,Czechia,43883,South Africa,,,90,98,fifa_timeline_period_label,https://api.fifa.com/api/v3/timelines/17/285023/289273/400021440?language=en,data/raw/2026/fifa/timelines/m025_400021440.json
2026,26,400021446,2026-06-18T19:00:00Z,group,Group B,43971,Switzerland,44037,Bosnia and Herzegovina,43971,Switzerland,90,98,fifa_timeline_period_label,https://api.fifa.com/api/v3/timelines/17/285023/289273/400021446?language=en,data/raw/2026/fifa/timelines/m026_400021446.json
2026,27,400021450,2026-06-18T22:00:00Z,group,Group B,43899,Canada,43834,Qatar,43899,Canada,90,100,fifa_timeline_period_label,https://api.fifa.com/api/v3/timelines/17/285023/289273/400021450?language=en,data/raw/2026/fifa/timelines/m027_400021450.json
2026,28,400021442,2026-06-19T01:00:00Z,group,Group A,43911,Mexico,43822,Korea Republic,43911,Mexico,90,97,fifa_timeline_period_label,https://api.fifa.com/api/v3/timelines/17/285023/289273/400021442?language=en,data/raw/2026/fifa/timelines/m028_400021442.json
2026,29,400021457,2026-06-20T00:30:00Z,group,Group C,43924,Brazil,43908,Haiti,43924,Brazil,90,96,fifa_timeline_period_label,https://api.fifa.com/api/v3/timelines/17/285023/289273/400021457?language=en,data/raw/2026/fifa/timelines/m029_400021457.json
2026,30,400021454,2026-06-19T22:00:00Z,group,Group C,43967,Scotland,43872,Morocco,43872,Morocco,90,97,fifa_timeline_period_label,https://api.fifa.com/api/v3/timelines/17/285023/289273/400021454?language=en,data/raw/2026/fifa/timelines/m030_400021454.json
2026,31,400021460,2026-06-20T03:00:00Z,group,Group D,43972,Türkiye,43928,Paraguay,43928,Paraguay,90,99,fifa_timeline_period_label,https://api.fifa.com/api/v3/timelines/17/285023/289273/400021460?language=en,data/raw/2026/fifa/timelines/m031_400021460.json
2026,32,400021462,2026-06-19T19:00:00Z,group,Group D,43921,USA,43976,Australia,43921,USA,90,99,fifa_timeline_period_label,https://api.fifa.com/api/v3/timelines/17/285023/289273/400021462?language=en,data/raw/2026/fifa/timelines/m032_400021462.json
2026,33,400021469,2026-06-20T20:00:00Z,group,Group E,43948,Germany,43854,Côte d'Ivoire,43948,Germany,90,98,fifa_timeline_period_label,https://api.fifa.com/api/v3/timelines/17/285023/289273/400021469?language=en,data/raw/2026/fifa/timelines/m033_400021469.json
2026,34,400021465,2026-06-21T00:00:00Z,group,Group E,43927,Ecuador,1895293,Curaçao,,,90,96,fifa_timeline_period_label,https://api.fifa.com/api/v3/timelines/17/285023/289273/400021465?language=en,data/raw/2026/fifa/timelines/m034_400021465.json
2026,35,400021472,2026-06-20T17:00:00Z,group,Group F,43960,Netherlands,43970,Sweden,43960,Netherlands,90,96,fifa_timeline_period_label,https://api.fifa.com/api/v3/timelines/17/285023/289273/400021472?language=en,data/raw/2026/fifa/timelines/m035_400021472.json
2026,36,400021475,2026-06-21T04:00:00Z,group,Group F,43888,Tunisia,43819,Japan,43819,Japan,90,97,fifa_timeline_period_label,https://api.fifa.com/api/v3/timelines/17/285023/289273/400021475?language=en,data/raw/2026/fifa/timelines/m036_400021475.json
2026,37,400021487,2026-06-21T22:00:00Z,group,Group H,43930,Uruguay,43850,Cabo Verde,,,90,99,fifa_timeline_period_label,https://api.fifa.com/api/v3/timelines/17/285023/289273/400021487?language=en,data/raw/2026/fifa/timelines/m037_400021487.json
2026,38,400021483,2026-06-21T16:00:00Z,group,Group H,43969,Spain,43835,Saudi Arabia,43969,Spain,90,99,fifa_timeline_period_label,https://api.fifa.com/api/v3/timelines/17/285023/289273/400021483?language=en,data/raw/2026/fifa/timelines/m038_400021483.json
2026,39,400021477,2026-06-21T19:00:00Z,group,Group G,43935,Belgium,43817,IR Iran,,,90,96,fifa_timeline_period_label,https://api.fifa.com/api/v3/timelines/17/285023/289273/400021477?language=en,data/raw/2026/fifa/timelines/m039_400021477.json
2026,40,400021480,2026-06-22T01:00:00Z,group,Group G,43978,New Zealand,43855,Egypt,43855,Egypt,90,101,fifa_timeline_period_label,https://api.fifa.com/api/v3/timelines/17/285023/289273/400021480?language=en,data/raw/2026/fifa/timelines/m040_400021480.json
2026,41,400021491,2026-06-23T00:00:00Z,group,Group I,43961,Norway,43879,Senegal,43961,Norway,90,101,fifa_timeline_period_label,https://api.fifa.com/api/v3/timelines/17/285023/289273/400021491?language=en,data/raw/2026/fifa/timelines/m041_400021491.json
2026,42,400021492,2026-06-22T21:00:00Z,group,Group I,43946,France,43818,Iraq,43946,France,90,93,fifa_timeline_period_label,https://api.fifa.com/api/v3/timelines/17/285023/289273/400021492?language=en,data/raw/2026/fifa/timelines/m042_400021492.json
2026,43,400021494,2026-06-22T17:00:00Z,group,Group J,43922,Argentina,43934,Austria,43922,Argentina,90,98,fifa_timeline_period_label,https://api.fifa.com/api/v3/timelines/17/285023/289273/400021494?language=en,data/raw/2026/fifa/timelines/m043_400021494.json
2026,44,400021499,2026-06-23T03:00:00Z,group,Group J,43820,Jordan,43843,Algeria,43843,Algeria,90,98,fifa_timeline_period_label,https://api.fifa.com/api/v3/timelines/17/285023/289273/400021499?language=en,data/raw/2026/fifa/timelines/m044_400021499.json
2026,45,400021506,2026-06-23T20:00:00Z,group,Group L,43942,England,43860,Ghana,,,90,97,fifa_timeline_period_label,https://api.fifa.com/api/v3/timelines/17/285023/289273/400021506?language=en,data/raw/2026/fifa/timelines/m045_400021506.json
2026,46,400021511,2026-06-23T23:00:00Z,group,Group L,43914,Panama,43938,Croatia,43938,Croatia,90,96,fifa_timeline_period_label,https://api.fifa.com/api/v3/timelines/17/285023/289273/400021511?language=en,data/raw/2026/fifa/timelines/m046_400021511.json
2026,47,400021503,2026-06-23T17:00:00Z,group,Group K,43963,Portugal,44005,Uzbekistan,43963,Portugal,90,96,fifa_timeline_period_label,https://api.fifa.com/api/v3/timelines/17/285023/289273/400021503?language=en,data/raw/2026/fifa/timelines/m047_400021503.json
2026,48,400021501,2026-06-24T02:00:00Z,group,Group K,43926,Colombia,20014,Congo DR,43926,Colombia,90,97,fifa_timeline_period_label,https://api.fifa.com/api/v3/timelines/17/285023/289273/400021501?language=en,data/raw/2026/fifa/timelines/m048_400021501.json
2026,49,400021455,2026-06-24T22:00:00Z,group,Group C,43967,Scotland,43924,Brazil,43924,Brazil,90,97,fifa_timeline_period_label,https://api.fifa.com/api/v3/timelines/17/285023/289273/400021455?language=en,data/raw/2026/fifa/timelines/m049_400021455.json
2026,50,400021452,2026-06-24T22:00:00Z,group,Group C,43872,Morocco,43908,Haiti,43872,Morocco,90,99,fifa_timeline_period_label,https://api.fifa.com/api/v3/timelines/17/285023/289273/400021452?language=en,data/raw/2026/fifa/timelines/m050_400021452.json
2026,51,400021451,2026-06-24T19:00:00Z,group,Group B,43971,Switzerland,43899,Canada,43971,Switzerland,90,97,fifa_timeline_period_label,https://api.fifa.com/api/v3/timelines/17/285023/289273/400021451?language=en,data/raw/2026/fifa/timelines/m051_400021451.json
2026,52,400021448,2026-06-24T19:00:00Z,group,Group B,44037,Bosnia and Herzegovina,43834,Qatar,44037,Bosnia and Herzegovina,90,97,fifa_timeline_period_label,https://api.fifa.com/api/v3/timelines/17/285023/289273/400021448?language=en,data/raw/2026/fifa/timelines/m052_400021448.json
2026,53,400021444,2026-06-25T01:00:00Z,group,Group A,43995,Czechia,43911,Mexico,43911,Mexico,90,97,fifa_timeline_period_label,https://api.fifa.com/api/v3/timelines/17/285023/289273/400021444?language=en,data/raw/2026/fifa/timelines/m053_400021444.json
2026,54,400021445,2026-06-25T01:00:00Z,group,Group A,43883,South Africa,43822,Korea Republic,43883,South Africa,90,97,fifa_timeline_period_label,https://api.fifa.com/api/v3/timelines/17/285023/289273/400021445?language=en,data/raw/2026/fifa/timelines/m054_400021445.json
2026,55,400021468,2026-06-25T20:00:00Z,group,Group E,1895293,Curaçao,43854,Côte d'Ivoire,43854,Côte d'Ivoire,90,97,fifa_timeline_period_label,https://api.fifa.com/api/v3/timelines/17/285023/289273/400021468?language=en,data/raw/2026/fifa/timelines/m055_400021468.json
2026,56,400021466,2026-06-25T20:00:00Z,group,Group E,43927,Ecuador,43948,Germany,43927,Ecuador,90,98,fifa_timeline_period_label,https://api.fifa.com/api/v3/timelines/17/285023/289273/400021466?language=en,data/raw/2026/fifa/timelines/m056_400021466.json
2026,57,400021471,2026-06-25T23:00:00Z,group,Group F,43819,Japan,43970,Sweden,,,90,98,fifa_timeline_period_label,https://api.fifa.com/api/v3/timelines/17/285023/289273/400021471?language=en,data/raw/2026/fifa/timelines/m057_400021471.json
2026,58,400021473,2026-06-25T23:00:00Z,group,Group F,43888,Tunisia,43960,Netherlands,43960,Netherlands,90,96,fifa_timeline_period_label,https://api.fifa.com/api/v3/timelines/17/285023/289273/400021473?language=en,data/raw/2026/fifa/timelines/m058_400021473.json
2026,59,400021459,2026-06-26T02:00:00Z,group,Group D,43972,Türkiye,43921,USA,43972,Türkiye,90,99,fifa_timeline_period_label,https://api.fifa.com/api/v3/timelines/17/285023/289273/400021459?language=en,data/raw/2026/fifa/timelines/m059_400021459.json
2026,60,400021461,2026-06-26T02:00:00Z,group,Group D,43928,Paraguay,43976,Australia,,,90,96,fifa_timeline_period_label,https://api.fifa.com/api/v3/timelines/17/285023/289273/400021461?language=en,data/raw/2026/fifa/timelines/m060_400021461.json
2026,61,400021489,2026-06-26T19:00:00Z,group,Group I,43961,Norway,43946,France,43946,France,90,96,fifa_timeline_period_label,https://api.fifa.com/api/v3/timelines/17/285023/289273/400021489?language=en,data/raw/2026/fifa/timelines/m061_400021489.json
2026,62,400021493,2026-06-26T19:00:00Z,group,Group I,43879,Senegal,43818,Iraq,43879,Senegal,90,97,fifa_timeline_period_label,https://api.fifa.com/api/v3/timelines/17/285023/289273/400021493?language=en,data/raw/2026/fifa/timelines/m062_400021493.json
2026,63,400021479,2026-06-27T03:00:00Z,group,Group G,43855,Egypt,43817,IR Iran,,,90,99,fifa_timeline_period_label,https://api.fifa.com/api/v3/timelines/17/285023/289273/400021479?language=en,data/raw/2026/fifa/timelines/m063_400021479.json
2026,64,400021481,2026-06-27T03:00:00Z,group,Group G,43978,New Zealand,43935,Belgium,43935,Belgium,90,96,fifa_timeline_period_label,https://api.fifa.com/api/v3/timelines/17/285023/289273/400021481?language=en,data/raw/2026/fifa/timelines/m064_400021481.json
2026,65,400021485,2026-06-27T00:00:00Z,group,Group H,43850,Cabo Verde,43835,Saudi Arabia,,,90,96,fifa_timeline_period_label,https://api.fifa.com/api/v3/timelines/17/285023/289273/400021485?language=en,data/raw/2026/fifa/timelines/m065_400021485.json
2026,66,400021484,2026-06-27T00:00:00Z,group,Group H,43930,Uruguay,43969,Spain,43969,Spain,90,97,fifa_timeline_period_label,https://api.fifa.com/api/v3/timelines/17/285023/289273/400021484?language=en,data/raw/2026/fifa/timelines/m066_400021484.json
2026,67,400021508,2026-06-27T21:00:00Z,group,Group L,43914,Panama,43942,England,43942,England,90,98,fifa_timeline_period_label,https://api.fifa.com/api/v3/timelines/17/285023/289273/400021508?language=en,data/raw/2026/fifa/timelines/m067_400021508.json
2026,68,400021509,2026-06-27T21:00:00Z,group,Group L,43938,Croatia,43860,Ghana,43938,Croatia,90,98,fifa_timeline_period_label,https://api.fifa.com/api/v3/timelines/17/285023/289273/400021509?language=en,data/raw/2026/fifa/timelines/m068_400021509.json
2026,69,400021497,2026-06-28T02:00:00Z,group,Group J,43843,Algeria,43934,Austria,,,90,97,fifa_timeline_period_label,https://api.fifa.com/api/v3/timelines/17/285023/289273/400021497?language=en,data/raw/2026/fifa/timelines/m069_400021497.json
2026,70,400021495,2026-06-28T02:00:00Z,group,Group J,43820,Jordan,43922,Argentina,43922,Argentina,90,96,fifa_timeline_period_label,https://api.fifa.com/api/v3/timelines/17/285023/289273/400021495?language=en,data/raw/2026/fifa/timelines/m070_400021495.json
2026,71,400021505,2026-06-27T23:30:00Z,group,Group K,43926,Colombia,43963,Portugal,,,90,96,fifa_timeline_period_label,https://api.fifa.com/api/v3/timelines/17/285023/289273/400021505?language=en,data/raw/2026/fifa/timelines/m071_400021505.json
2026,72,400021500,2026-06-27T23:30:00Z,group,Group K,20014,Congo DR,44005,Uzbekistan,20014,Congo DR,90,99,fifa_timeline_period_label,https://api.fifa.com/api/v3/timelines/17/285023/289273/400021500?language=en,data/raw/2026/fifa/timelines/m072_400021500.json
2026,73,400021518,2026-06-28T19:00:00Z,round_of_32,,43883,South Africa,43899,Canada,43899,Canada,90,97,fifa_timeline_period_label,https://api.fifa.com/api/v3/timelines/17/285023/289287/400021518?language=en,data/raw/2026/fifa/timelines/m073_400021518.json
2026,74,400021513,2026-06-29T20:30:00Z,round_of_32,,43948,Germany,43928,Paraguay,43928,Paraguay,120,123,fifa_timeline_period_label,https://api.fifa.com/api/v3/timelines/17/285023/289287/400021513?language=en,data/raw/2026/fifa/timelines/m074_400021513.json
2026,75,400021522,2026-06-30T01:00:00Z,round_of_32,,43960,Netherlands,43872,Morocco,43872,Morocco,120,122,fifa_timeline_period_label,https://api.fifa.com/api/v3/timelines/17/285023/289287/400021522?language=en,data/raw/2026/fifa/timelines/m075_400021522.json
2026,76,400021516,2026-06-29T17:00:00Z,round_of_32,,43924,Brazil,43819,Japan,43924,Brazil,90,101,fifa_timeline_period_label,https://api.fifa.com/api/v3/timelines/17/285023/289287/400021516?language=en,data/raw/2026/fifa/timelines/m076_400021516.json
2026,77,400021523,2026-06-30T21:00:00Z,round_of_32,,43946,France,43970,Sweden,43946,France,90,95,fifa_timeline_period_label,https://api.fifa.com/api/v3/timelines/17/285023/289287/400021523?language=en,data/raw/2026/fifa/timelines/m077_400021523.json
2026,78,400021514,2026-06-30T17:00:00Z,round_of_32,,43854,Côte d'Ivoire,43961,Norway,43961,Norway,90,98,fifa_timeline_period_label,https://api.fifa.com/api/v3/timelines/17/285023/289287/400021514?language=en,data/raw/2026/fifa/timelines/m078_400021514.json
2026,79,400021520,2026-07-01T02:00:00Z,round_of_32,,43911,Mexico,43927,Ecuador,43911,Mexico,90,99,fifa_timeline_period_label,https://api.fifa.com/api/v3/timelines/17/285023/289287/400021520?language=en,data/raw/2026/fifa/timelines/m079_400021520.json
2026,80,400021512,2026-07-01T16:00:00Z,round_of_32,,43942,England,20014,Congo DR,43942,England,90,97,fifa_timeline_period_label,https://api.fifa.com/api/v3/timelines/17/285023/289287/400021512?language=en,data/raw/2026/fifa/timelines/m080_400021512.json
2026,81,400021524,2026-07-02T00:00:00Z,round_of_32,,43921,USA,44037,Bosnia and Herzegovina,43921,USA,90,101,fifa_timeline_period_label,https://api.fifa.com/api/v3/timelines/17/285023/289287/400021524?language=en,data/raw/2026/fifa/timelines/m081_400021524.json
2026,82,400021525,2026-07-01T20:00:00Z,round_of_32,,43935,Belgium,43879,Senegal,43935,Belgium,120,132,fifa_timeline_period_label,https://api.fifa.com/api/v3/timelines/17/285023/289287/400021525?language=en,data/raw/2026/fifa/timelines/m082_400021525.json
2026,83,400021526,2026-07-02T23:00:00Z,round_of_32,,43963,Portugal,43938,Croatia,43963,Portugal,90,109,fifa_timeline_period_label,https://api.fifa.com/api/v3/timelines/17/285023/289287/400021526?language=en,data/raw/2026/fifa/timelines/m083_400021526.json
2026,84,400021519,2026-07-02T19:00:00Z,round_of_32,,43969,Spain,43934,Austria,43969,Spain,90,97,fifa_timeline_period_label,https://api.fifa.com/api/v3/timelines/17/285023/289287/400021519?language=en,data/raw/2026/fifa/timelines/m084_400021519.json
2026,85,400021527,2026-07-03T03:00:00Z,round_of_32,,43971,Switzerland,43843,Algeria,43971,Switzerland,90,97,fifa_timeline_period_label,https://api.fifa.com/api/v3/timelines/17/285023/289287/400021527?language=en,data/raw/2026/fifa/timelines/m085_400021527.json
2026,86,400021521,2026-07-03T22:00:00Z,round_of_32,,43922,Argentina,43850,Cabo Verde,43922,Argentina,120,124,fifa_timeline_period_label,https://api.fifa.com/api/v3/timelines/17/285023/289287/400021521?language=en,data/raw/2026/fifa/timelines/m086_400021521.json
2026,87,400021517,2026-07-04T01:30:00Z,round_of_32,,43926,Colombia,43860,Ghana,43926,Colombia,90,98,fifa_timeline_period_label,https://api.fifa.com/api/v3/timelines/17/285023/289287/400021517?language=en,data/raw/2026/fifa/timelines/m087_400021517.json
2026,88,400021515,2026-07-03T18:00:00Z,round_of_32,,43976,Australia,43855,Egypt,43855,Egypt,120,123,fifa_timeline_period_label,https://api.fifa.com/api/v3/timelines/17/285023/289287/400021515?language=en,data/raw/2026/fifa/timelines/m088_400021515.json
2026,89,400021533,2026-07-04T21:00:00Z,round_of_16,,43928,Paraguay,43946,France,43946,France,90,101,fifa_timeline_period_label,https://api.fifa.com/api/v3/timelines/17/285023/289288/400021533?language=en,data/raw/2026/fifa/timelines/m089_400021533.json
2026,90,400021530,2026-07-04T17:00:00Z,round_of_16,,43899,Canada,43872,Morocco,43872,Morocco,90,100,fifa_timeline_period_label,https://api.fifa.com/api/v3/timelines/17/285023/289288/400021530?language=en,data/raw/2026/fifa/timelines/m090_400021530.json
2026,91,400021532,2026-07-05T20:00:00Z,round_of_16,,43924,Brazil,43961,Norway,43961,Norway,90,102,fifa_timeline_period_label,https://api.fifa.com/api/v3/timelines/17/285023/289288/400021532?language=en,data/raw/2026/fifa/timelines/m091_400021532.json
2026,92,400021531,2026-07-06T01:00:00Z,round_of_16,,43911,Mexico,43942,England,43942,England,90,103,fifa_timeline_period_label,https://api.fifa.com/api/v3/timelines/17/285023/289288/400021531?language=en,data/raw/2026/fifa/timelines/m092_400021531.json
2026,93,400021529,2026-07-06T19:00:00Z,round_of_16,,43963,Portugal,43969,Spain,43969,Spain,90,99,fifa_timeline_period_label,https://api.fifa.com/api/v3/timelines/17/285023/289288/400021529?language=en,data/raw/2026/fifa/timelines/m093_400021529.json
2026,94,400021534,2026-07-07T00:00:00Z,round_of_16,,43921,USA,43935,Belgium,43935,Belgium,90,95,fifa_timeline_period_label,https://api.fifa.com/api/v3/timelines/17/285023/289288/400021534?language=en,data/raw/2026/fifa/timelines/m094_400021534.json
2026,95,400021528,2026-07-07T16:00:00Z,round_of_16,,43922,Argentina,43855,Egypt,43922,Argentina,90,102,fifa_timeline_period_label,https://api.fifa.com/api/v3/timelines/17/285023/289288/400021528?language=en,data/raw/2026/fifa/timelines/m095_400021528.json
2026,96,400021535,2026-07-07T20:00:00Z,round_of_16,,43971,Switzerland,43926,Colombia,43971,Switzerland,120,122,fifa_timeline_period_label,https://api.fifa.com/api/v3/timelines/17/285023/289288/400021535?language=en,data/raw/2026/fifa/timelines/m096_400021535.json
2026,97,400021536,2026-07-09T20:00:00Z,quarter_final,,43946,France,43872,Morocco,43946,France,90,97,fifa_timeline_period_label,https://api.fifa.com/api/v3/timelines/17/285023/289289/400021536?language=en,data/raw/2026/fifa/timelines/m097_400021536.json
2026,98,400021538,2026-07-10T19:00:00Z,quarter_final,,43969,Spain,43935,Belgium,43969,Spain,90,98,fifa_timeline_period_label,https://api.fifa.com/api/v3/timelines/17/285023/289289/400021538?language=en,data/raw/2026/fifa/timelines/m098_400021538.json
2026,99,400021539,2026-07-11T21:00:00Z,quarter_final,,43961,Norway,43942,England,43942,England,120,123,fifa_timeline_period_label,https://api.fifa.com/api/v3/timelines/17/285023/289289/400021539?language=en,data/raw/2026/fifa/timelines/m099_400021539.json
2026,100,400021537,2026-07-12T01:00:00Z,quarter_final,,43922,Argentina,43971,Switzerland,43922,Argentina,120,125,fifa_timeline_period_label,https://api.fifa.com/api/v3/timelines/17/285023/289289/400021537?language=en,data/raw/2026/fifa/timelines/m100_400021537.json
