edition,edition_status,ledger,event_scope,cohort,team_id,team,card_events,foul_events,red_weight,mean_card_segment,mean_foul_segment,delta,p_delta,q_delta,w1,p_w1,q_w1,bh_m,evidentiary_status,source_status,permutations,seed,note
2014,final,full,expanded,all_teams,43843,Algeria,0,0,2.5,,,,,,,,,0,source_unavailable,source_unavailable,2000,20260713,Complete reproducible 2014 foul-event feed unavailable; no BH family created.
2014,final,full,expanded,all_teams,43922,Argentina,0,0,2.5,,,,,,,,,0,source_unavailable,source_unavailable,2000,20260713,Complete reproducible 2014 foul-event feed unavailable; no BH family created.
2014,final,full,expanded,all_teams,43976,Australia,0,0,2.5,,,,,,,,,0,source_unavailable,source_unavailable,2000,20260713,Complete reproducible 2014 foul-event feed unavailable; no BH family created.
2014,final,full,expanded,all_teams,43935,Belgium,0,0,2.5,,,,,,,,,0,source_unavailable,source_unavailable,2000,20260713,Complete reproducible 2014 foul-event feed unavailable; no BH family created.
2014,final,full,expanded,all_teams,44037,Bosnia-Herzegovina,0,0,2.5,,,,,,,,,0,source_unavailable,source_unavailable,2000,20260713,Complete reproducible 2014 foul-event feed unavailable; no BH family created.
2014,final,full,expanded,all_teams,43924,Brazil,0,0,2.5,,,,,,,,,0,source_unavailable,source_unavailable,2000,20260713,Complete reproducible 2014 foul-event feed unavailable; no BH family created.
2014,final,full,expanded,all_teams,43849,Cameroon,0,0,2.5,,,,,,,,,0,source_unavailable,source_unavailable,2000,20260713,Complete reproducible 2014 foul-event feed unavailable; no BH family created.
2014,final,full,expanded,all_teams,43925,Chile,0,0,2.5,,,,,,,,,0,source_unavailable,source_unavailable,2000,20260713,Complete reproducible 2014 foul-event feed unavailable; no BH family created.
2014,final,full,expanded,all_teams,43926,Colombia,0,0,2.5,,,,,,,,,0,source_unavailable,source_unavailable,2000,20260713,Complete reproducible 2014 foul-event feed unavailable; no BH family created.
2014,final,full,expanded,all_teams,43901,Costa Rica,0,0,2.5,,,,,,,,,0,source_unavailable,source_unavailable,2000,20260713,Complete reproducible 2014 foul-event feed unavailable; no BH family created.
2014,final,full,expanded,all_teams,43938,Croatia,0,0,2.5,,,,,,,,,0,source_unavailable,source_unavailable,2000,20260713,Complete reproducible 2014 foul-event feed unavailable; no BH family created.
2014,final,full,expanded,all_teams,43854,Côte d'Ivoire,0,0,2.5,,,,,,,,,0,source_unavailable,source_unavailable,2000,20260713,Complete reproducible 2014 foul-event feed unavailable; no BH family created.
2014,final,full,expanded,all_teams,43927,Ecuador,0,0,2.5,,,,,,,,,0,source_unavailable,source_unavailable,2000,20260713,Complete reproducible 2014 foul-event feed unavailable; no BH family created.
2014,final,full,expanded,all_teams,43942,England,0,0,2.5,,,,,,,,,0,source_unavailable,source_unavailable,2000,20260713,Complete reproducible 2014 foul-event feed unavailable; no BH family created.
2014,final,full,expanded,all_teams,43946,France,0,0,2.5,,,,,,,,,0,source_unavailable,source_unavailable,2000,20260713,Complete reproducible 2014 foul-event feed unavailable; no BH family created.
2014,final,full,expanded,all_teams,43948,Germany,0,0,2.5,,,,,,,,,0,source_unavailable,source_unavailable,2000,20260713,Complete reproducible 2014 foul-event feed unavailable; no BH family created.
2014,final,full,expanded,all_teams,43860,Ghana,0,0,2.5,,,,,,,,,0,source_unavailable,source_unavailable,2000,20260713,Complete reproducible 2014 foul-event feed unavailable; no BH family created.
2014,final,full,expanded,all_teams,43949,Greece,0,0,2.5,,,,,,,,,0,source_unavailable,source_unavailable,2000,20260713,Complete reproducible 2014 foul-event feed unavailable; no BH family created.
2014,final,full,expanded,all_teams,43909,Honduras,0,0,2.5,,,,,,,,,0,source_unavailable,source_unavailable,2000,20260713,Complete reproducible 2014 foul-event feed unavailable; no BH family created.
2014,final,full,expanded,all_teams,43817,Iran,0,0,2.5,,,,,,,,,0,source_unavailable,source_unavailable,2000,20260713,Complete reproducible 2014 foul-event feed unavailable; no BH family created.
2014,final,full,expanded,all_teams,43954,Italy,0,0,2.5,,,,,,,,,0,source_unavailable,source_unavailable,2000,20260713,Complete reproducible 2014 foul-event feed unavailable; no BH family created.
2014,final,full,expanded,all_teams,43819,Japan,0,0,2.5,,,,,,,,,0,source_unavailable,source_unavailable,2000,20260713,Complete reproducible 2014 foul-event feed unavailable; no BH family created.
2014,final,full,expanded,all_teams,43822,Korea Republic,0,0,2.5,,,,,,,,,0,source_unavailable,source_unavailable,2000,20260713,Complete reproducible 2014 foul-event feed unavailable; no BH family created.
2014,final,full,expanded,all_teams,43911,Mexico,0,0,2.5,,,,,,,,,0,source_unavailable,source_unavailable,2000,20260713,Complete reproducible 2014 foul-event feed unavailable; no BH family created.
2014,final,full,expanded,all_teams,43960,Netherlands,0,0,2.5,,,,,,,,,0,source_unavailable,source_unavailable,2000,20260713,Complete reproducible 2014 foul-event feed unavailable; no BH family created.
2014,final,full,expanded,all_teams,43876,Nigeria,0,0,2.5,,,,,,,,,0,source_unavailable,source_unavailable,2000,20260713,Complete reproducible 2014 foul-event feed unavailable; no BH family created.
2014,final,full,expanded,all_teams,43963,Portugal,0,0,2.5,,,,,,,,,0,source_unavailable,source_unavailable,2000,20260713,Complete reproducible 2014 foul-event feed unavailable; no BH family created.
2014,final,full,expanded,all_teams,43965,Russia,0,0,2.5,,,,,,,,,0,source_unavailable,source_unavailable,2000,20260713,Complete reproducible 2014 foul-event feed unavailable; no BH family created.
2014,final,full,expanded,all_teams,43969,Spain,0,0,2.5,,,,,,,,,0,source_unavailable,source_unavailable,2000,20260713,Complete reproducible 2014 foul-event feed unavailable; no BH family created.
2014,final,full,expanded,all_teams,43971,Switzerland,0,0,2.5,,,,,,,,,0,source_unavailable,source_unavailable,2000,20260713,Complete reproducible 2014 foul-event feed unavailable; no BH family created.
2014,final,full,expanded,all_teams,43921,United States,0,0,2.5,,,,,,,,,0,source_unavailable,source_unavailable,2000,20260713,Complete reproducible 2014 foul-event feed unavailable; no BH family created.
2014,final,full,expanded,all_teams,43930,Uruguay,0,0,2.5,,,,,,,,,0,source_unavailable,source_unavailable,2000,20260713,Complete reproducible 2014 foul-event feed unavailable; no BH family created.
2014,final,stripped,expanded,all_teams,43843,Algeria,0,0,2.5,,,,,,,,,0,source_unavailable,source_unavailable,2000,20260713,Complete reproducible 2014 foul-event feed unavailable; no BH family created.
2014,final,stripped,expanded,all_teams,43922,Argentina,0,0,2.5,,,,,,,,,0,source_unavailable,source_unavailable,2000,20260713,Complete reproducible 2014 foul-event feed unavailable; no BH family created.
2014,final,stripped,expanded,all_teams,43976,Australia,0,0,2.5,,,,,,,,,0,source_unavailable,source_unavailable,2000,20260713,Complete reproducible 2014 foul-event feed unavailable; no BH family created.
2014,final,stripped,expanded,all_teams,43935,Belgium,0,0,2.5,,,,,,,,,0,source_unavailable,source_unavailable,2000,20260713,Complete reproducible 2014 foul-event feed unavailable; no BH family created.
2014,final,stripped,expanded,all_teams,44037,Bosnia-Herzegovina,0,0,2.5,,,,,,,,,0,source_unavailable,source_unavailable,2000,20260713,Complete reproducible 2014 foul-event feed unavailable; no BH family created.
2014,final,stripped,expanded,all_teams,43924,Brazil,0,0,2.5,,,,,,,,,0,source_unavailable,source_unavailable,2000,20260713,Complete reproducible 2014 foul-event feed unavailable; no BH family created.
2014,final,stripped,expanded,all_teams,43849,Cameroon,0,0,2.5,,,,,,,,,0,source_unavailable,source_unavailable,2000,20260713,Complete reproducible 2014 foul-event feed unavailable; no BH family created.
2014,final,stripped,expanded,all_teams,43925,Chile,0,0,2.5,,,,,,,,,0,source_unavailable,source_unavailable,2000,20260713,Complete reproducible 2014 foul-event feed unavailable; no BH family created.
2014,final,stripped,expanded,all_teams,43926,Colombia,0,0,2.5,,,,,,,,,0,source_unavailable,source_unavailable,2000,20260713,Complete reproducible 2014 foul-event feed unavailable; no BH family created.
2014,final,stripped,expanded,all_teams,43901,Costa Rica,0,0,2.5,,,,,,,,,0,source_unavailable,source_unavailable,2000,20260713,Complete reproducible 2014 foul-event feed unavailable; no BH family created.
2014,final,stripped,expanded,all_teams,43938,Croatia,0,0,2.5,,,,,,,,,0,source_unavailable,source_unavailable,2000,20260713,Complete reproducible 2014 foul-event feed unavailable; no BH family created.
2014,final,stripped,expanded,all_teams,43854,Côte d'Ivoire,0,0,2.5,,,,,,,,,0,source_unavailable,source_unavailable,2000,20260713,Complete reproducible 2014 foul-event feed unavailable; no BH family created.
2014,final,stripped,expanded,all_teams,43927,Ecuador,0,0,2.5,,,,,,,,,0,source_unavailable,source_unavailable,2000,20260713,Complete reproducible 2014 foul-event feed unavailable; no BH family created.
2014,final,stripped,expanded,all_teams,43942,England,0,0,2.5,,,,,,,,,0,source_unavailable,source_unavailable,2000,20260713,Complete reproducible 2014 foul-event feed unavailable; no BH family created.
2014,final,stripped,expanded,all_teams,43946,France,0,0,2.5,,,,,,,,,0,source_unavailable,source_unavailable,2000,20260713,Complete reproducible 2014 foul-event feed unavailable; no BH family created.
2014,final,stripped,expanded,all_teams,43948,Germany,0,0,2.5,,,,,,,,,0,source_unavailable,source_unavailable,2000,20260713,Complete reproducible 2014 foul-event feed unavailable; no BH family created.
2014,final,stripped,expanded,all_teams,43860,Ghana,0,0,2.5,,,,,,,,,0,source_unavailable,source_unavailable,2000,20260713,Complete reproducible 2014 foul-event feed unavailable; no BH family created.
2014,final,stripped,expanded,all_teams,43949,Greece,0,0,2.5,,,,,,,,,0,source_unavailable,source_unavailable,2000,20260713,Complete reproducible 2014 foul-event feed unavailable; no BH family created.
2014,final,stripped,expanded,all_teams,43909,Honduras,0,0,2.5,,,,,,,,,0,source_unavailable,source_unavailable,2000,20260713,Complete reproducible 2014 foul-event feed unavailable; no BH family created.
2014,final,stripped,expanded,all_teams,43817,Iran,0,0,2.5,,,,,,,,,0,source_unavailable,source_unavailable,2000,20260713,Complete reproducible 2014 foul-event feed unavailable; no BH family created.
2014,final,stripped,expanded,all_teams,43954,Italy,0,0,2.5,,,,,,,,,0,source_unavailable,source_unavailable,2000,20260713,Complete reproducible 2014 foul-event feed unavailable; no BH family created.
2014,final,stripped,expanded,all_teams,43819,Japan,0,0,2.5,,,,,,,,,0,source_unavailable,source_unavailable,2000,20260713,Complete reproducible 2014 foul-event feed unavailable; no BH family created.
2014,final,stripped,expanded,all_teams,43822,Korea Republic,0,0,2.5,,,,,,,,,0,source_unavailable,source_unavailable,2000,20260713,Complete reproducible 2014 foul-event feed unavailable; no BH family created.
2014,final,stripped,expanded,all_teams,43911,Mexico,0,0,2.5,,,,,,,,,0,source_unavailable,source_unavailable,2000,20260713,Complete reproducible 2014 foul-event feed unavailable; no BH family created.
2014,final,stripped,expanded,all_teams,43960,Netherlands,0,0,2.5,,,,,,,,,0,source_unavailable,source_unavailable,2000,20260713,Complete reproducible 2014 foul-event feed unavailable; no BH family created.
2014,final,stripped,expanded,all_teams,43876,Nigeria,0,0,2.5,,,,,,,,,0,source_unavailable,source_unavailable,2000,20260713,Complete reproducible 2014 foul-event feed unavailable; no BH family created.
2014,final,stripped,expanded,all_teams,43963,Portugal,0,0,2.5,,,,,,,,,0,source_unavailable,source_unavailable,2000,20260713,Complete reproducible 2014 foul-event feed unavailable; no BH family created.
2014,final,stripped,expanded,all_teams,43965,Russia,0,0,2.5,,,,,,,,,0,source_unavailable,source_unavailable,2000,20260713,Complete reproducible 2014 foul-event feed unavailable; no BH family created.
2014,final,stripped,expanded,all_teams,43969,Spain,0,0,2.5,,,,,,,,,0,source_unavailable,source_unavailable,2000,20260713,Complete reproducible 2014 foul-event feed unavailable; no BH family created.
2014,final,stripped,expanded,all_teams,43971,Switzerland,0,0,2.5,,,,,,,,,0,source_unavailable,source_unavailable,2000,20260713,Complete reproducible 2014 foul-event feed unavailable; no BH family created.
2014,final,stripped,expanded,all_teams,43921,United States,0,0,2.5,,,,,,,,,0,source_unavailable,source_unavailable,2000,20260713,Complete reproducible 2014 foul-event feed unavailable; no BH family created.
2014,final,stripped,expanded,all_teams,43930,Uruguay,0,0,2.5,,,,,,,,,0,source_unavailable,source_unavailable,2000,20260713,Complete reproducible 2014 foul-event feed unavailable; no BH family created.
2014,final,full,knockout,knockout_teams,43843,Algeria,0,0,2.5,,,,,,,,,0,source_unavailable,source_unavailable,2000,20260713,Complete reproducible 2014 foul-event feed unavailable; no BH family created.
2014,final,full,knockout,knockout_teams,43922,Argentina,0,0,2.5,,,,,,,,,0,source_unavailable,source_unavailable,2000,20260713,Complete reproducible 2014 foul-event feed unavailable; no BH family created.
2014,final,full,knockout,knockout_teams,43935,Belgium,0,0,2.5,,,,,,,,,0,source_unavailable,source_unavailable,2000,20260713,Complete reproducible 2014 foul-event feed unavailable; no BH family created.
2014,final,full,knockout,knockout_teams,43924,Brazil,0,0,2.5,,,,,,,,,0,source_unavailable,source_unavailable,2000,20260713,Complete reproducible 2014 foul-event feed unavailable; no BH family created.
2014,final,full,knockout,knockout_teams,43925,Chile,0,0,2.5,,,,,,,,,0,source_unavailable,source_unavailable,2000,20260713,Complete reproducible 2014 foul-event feed unavailable; no BH family created.
2014,final,full,knockout,knockout_teams,43926,Colombia,0,0,2.5,,,,,,,,,0,source_unavailable,source_unavailable,2000,20260713,Complete reproducible 2014 foul-event feed unavailable; no BH family created.
2014,final,full,knockout,knockout_teams,43901,Costa Rica,0,0,2.5,,,,,,,,,0,source_unavailable,source_unavailable,2000,20260713,Complete reproducible 2014 foul-event feed unavailable; no BH family created.
2014,final,full,knockout,knockout_teams,43946,France,0,0,2.5,,,,,,,,,0,source_unavailable,source_unavailable,2000,20260713,Complete reproducible 2014 foul-event feed unavailable; no BH family created.
2014,final,full,knockout,knockout_teams,43948,Germany,0,0,2.5,,,,,,,,,0,source_unavailable,source_unavailable,2000,20260713,Complete reproducible 2014 foul-event feed unavailable; no BH family created.
2014,final,full,knockout,knockout_teams,43949,Greece,0,0,2.5,,,,,,,,,0,source_unavailable,source_unavailable,2000,20260713,Complete reproducible 2014 foul-event feed unavailable; no BH family created.
2014,final,full,knockout,knockout_teams,43911,Mexico,0,0,2.5,,,,,,,,,0,source_unavailable,source_unavailable,2000,20260713,Complete reproducible 2014 foul-event feed unavailable; no BH family created.
2014,final,full,knockout,knockout_teams,43960,Netherlands,0,0,2.5,,,,,,,,,0,source_unavailable,source_unavailable,2000,20260713,Complete reproducible 2014 foul-event feed unavailable; no BH family created.
2014,final,full,knockout,knockout_teams,43876,Nigeria,0,0,2.5,,,,,,,,,0,source_unavailable,source_unavailable,2000,20260713,Complete reproducible 2014 foul-event feed unavailable; no BH family created.
2014,final,full,knockout,knockout_teams,43971,Switzerland,0,0,2.5,,,,,,,,,0,source_unavailable,source_unavailable,2000,20260713,Complete reproducible 2014 foul-event feed unavailable; no BH family created.
2014,final,full,knockout,knockout_teams,43921,United States,0,0,2.5,,,,,,,,,0,source_unavailable,source_unavailable,2000,20260713,Complete reproducible 2014 foul-event feed unavailable; no BH family created.
2014,final,full,knockout,knockout_teams,43930,Uruguay,0,0,2.5,,,,,,,,,0,source_unavailable,source_unavailable,2000,20260713,Complete reproducible 2014 foul-event feed unavailable; no BH family created.
2014,final,stripped,knockout,knockout_teams,43843,Algeria,0,0,2.5,,,,,,,,,0,source_unavailable,source_unavailable,2000,20260713,Complete reproducible 2014 foul-event feed unavailable; no BH family created.
2014,final,stripped,knockout,knockout_teams,43922,Argentina,0,0,2.5,,,,,,,,,0,source_unavailable,source_unavailable,2000,20260713,Complete reproducible 2014 foul-event feed unavailable; no BH family created.
2014,final,stripped,knockout,knockout_teams,43935,Belgium,0,0,2.5,,,,,,,,,0,source_unavailable,source_unavailable,2000,20260713,Complete reproducible 2014 foul-event feed unavailable; no BH family created.
2014,final,stripped,knockout,knockout_teams,43924,Brazil,0,0,2.5,,,,,,,,,0,source_unavailable,source_unavailable,2000,20260713,Complete reproducible 2014 foul-event feed unavailable; no BH family created.
2014,final,stripped,knockout,knockout_teams,43925,Chile,0,0,2.5,,,,,,,,,0,source_unavailable,source_unavailable,2000,20260713,Complete reproducible 2014 foul-event feed unavailable; no BH family created.
2014,final,stripped,knockout,knockout_teams,43926,Colombia,0,0,2.5,,,,,,,,,0,source_unavailable,source_unavailable,2000,20260713,Complete reproducible 2014 foul-event feed unavailable; no BH family created.
2014,final,stripped,knockout,knockout_teams,43901,Costa Rica,0,0,2.5,,,,,,,,,0,source_unavailable,source_unavailable,2000,20260713,Complete reproducible 2014 foul-event feed unavailable; no BH family created.
2014,final,stripped,knockout,knockout_teams,43946,France,0,0,2.5,,,,,,,,,0,source_unavailable,source_unavailable,2000,20260713,Complete reproducible 2014 foul-event feed unavailable; no BH family created.
2014,final,stripped,knockout,knockout_teams,43948,Germany,0,0,2.5,,,,,,,,,0,source_unavailable,source_unavailable,2000,20260713,Complete reproducible 2014 foul-event feed unavailable; no BH family created.
2014,final,stripped,knockout,knockout_teams,43949,Greece,0,0,2.5,,,,,,,,,0,source_unavailable,source_unavailable,2000,20260713,Complete reproducible 2014 foul-event feed unavailable; no BH family created.
2014,final,stripped,knockout,knockout_teams,43911,Mexico,0,0,2.5,,,,,,,,,0,source_unavailable,source_unavailable,2000,20260713,Complete reproducible 2014 foul-event feed unavailable; no BH family created.
2014,final,stripped,knockout,knockout_teams,43960,Netherlands,0,0,2.5,,,,,,,,,0,source_unavailable,source_unavailable,2000,20260713,Complete reproducible 2014 foul-event feed unavailable; no BH family created.
2014,final,stripped,knockout,knockout_teams,43876,Nigeria,0,0,2.5,,,,,,,,,0,source_unavailable,source_unavailable,2000,20260713,Complete reproducible 2014 foul-event feed unavailable; no BH family created.
2014,final,stripped,knockout,knockout_teams,43971,Switzerland,0,0,2.5,,,,,,,,,0,source_unavailable,source_unavailable,2000,20260713,Complete reproducible 2014 foul-event feed unavailable; no BH family created.
2014,final,stripped,knockout,knockout_teams,43921,United States,0,0,2.5,,,,,,,,,0,source_unavailable,source_unavailable,2000,20260713,Complete reproducible 2014 foul-event feed unavailable; no BH family created.
2014,final,stripped,knockout,knockout_teams,43930,Uruguay,0,0,2.5,,,,,,,,,0,source_unavailable,source_unavailable,2000,20260713,Complete reproducible 2014 foul-event feed unavailable; no BH family created.
2018,final,full,expanded,all_teams,43922,Argentina,11,62,2.5,3.272727,2.870968,0.40176,0.427786,0.723007,0.40176,0.574713,0.766284,32,evidentiary,complete,2000,20260713,
2018,final,full,expanded,all_teams,43976,Australia,7,38,2.5,3,2.394737,0.605263,0.397801,0.723007,0.703008,0.355822,0.692987,32,evidentiary,complete,2000,20260713,
2018,final,full,expanded,all_teams,43935,Belgium,10,94,2.5,3.1,2.670213,0.429787,0.429285,0.723007,0.455319,0.548226,0.762749,32,evidentiary,complete,2000,20260713,
2018,final,full,expanded,all_teams,43924,Brazil,7,58,2.5,4.142857,2.758621,1.384236,0.01949,0.255872,1.384236,0.01999,0.255872,32,evidentiary,complete,2000,20260713,
2018,final,full,expanded,all_teams,43926,Colombia,10,65,2.5,2.956522,2.8,0.156522,0.815592,0.869965,0.458863,0.738631,0.856143,32,evidentiary,complete,2000,20260713,
2018,final,full,expanded,all_teams,43901,Costa Rica,6,50,2.5,2.5,2.28,0.22,0.8006,0.869965,0.393333,0.869565,0.927536,32,evidentiary,complete,2000,20260713,
2018,final,full,expanded,all_teams,43938,Croatia,15,122,2.5,3.8,2.991803,0.808197,0.102449,0.351824,0.808197,0.124438,0.366362,32,evidentiary,complete,2000,20260713,
2018,final,full,expanded,all_teams,43941,Denmark,6,58,2.5,4.333333,2.844828,1.488506,0.084458,0.337831,1.488506,0.095452,0.366362,32,evidentiary,complete,2000,20260713,
2018,final,full,expanded,all_teams,43855,Egypt,5,44,2.5,4,3.159091,0.840909,0.242379,0.585307,0.840909,0.302349,0.691083,32,evidentiary,complete,2000,20260713,
2018,final,full,expanded,all_teams,43942,England,6,71,2.5,3,2.774648,0.225352,0.850575,0.878013,0.887324,0.454773,0.692987,32,evidentiary,complete,2000,20260713,
2018,final,full,expanded,all_teams,43946,France,12,99,2.5,3.583333,2.737374,0.84596,0.068466,0.312986,0.84596,0.071964,0.328978,32,evidentiary,complete,2000,20260713,
2018,final,full,expanded,all_teams,43948,Germany,4,32,2.5,4.75,2.34375,2.40625,0.003498,0.111944,2.40625,0.003498,0.111944,32,evidentiary,complete,2000,20260713,
2018,final,full,expanded,all_teams,43951,Iceland,3,43,2.5,4,2.581395,1.418605,0.217891,0.581043,1.418605,0.242379,0.646343,32,evidentiary,complete,2000,20260713,
2018,final,full,expanded,all_teams,43817,Iran,7,46,2.5,3.428571,2.695652,0.732919,0.274363,0.585307,0.732919,0.338331,0.692987,32,evidentiary,complete,2000,20260713,
2018,final,full,expanded,all_teams,43819,Japan,5,43,2.5,4,2.302326,1.697674,0.028986,0.255872,1.697674,0.028986,0.255872,32,evidentiary,complete,2000,20260713,
2018,final,full,expanded,all_teams,43822,Korea Republic,10,64,2.5,2.7,2.265625,0.434375,0.454773,0.727636,0.640625,0.270865,0.666744,32,evidentiary,complete,2000,20260713,
2018,final,full,expanded,all_teams,43911,Mexico,9,58,2.5,3.444444,2.310345,1.1341,0.036982,0.255872,1.1341,0.038481,0.255872,32,evidentiary,complete,2000,20260713,
2018,final,full,expanded,all_teams,43872,Morocco,8,63,2.5,2.5,2.619048,-0.119048,0.89955,0.89955,0.563492,0.430285,0.692987,32,evidentiary,complete,2000,20260713,
2018,final,full,expanded,all_teams,43876,Nigeria,4,46,2.5,3.25,2.76087,0.48913,0.65967,0.844378,0.619565,0.749125,0.856143,32,evidentiary,complete,2000,20260713,
2018,final,full,expanded,all_teams,43914,Panama,11,53,2.5,3,2.716981,0.283019,0.529735,0.807215,0.283019,0.813593,0.897758,32,evidentiary,complete,2000,20260713,
2018,final,full,expanded,all_teams,43929,Peru,5,38,2.5,3,2.605263,0.394737,0.698651,0.859878,0.7,0.515242,0.749443,32,evidentiary,complete,2000,20260713,
2018,final,full,expanded,all_teams,43962,Poland,3,33,2.5,3,2.333333,0.666667,0.658671,0.844378,0.848485,0.623688,0.783608,32,evidentiary,complete,2000,20260713,
2018,final,full,expanded,all_teams,43963,Portugal,7,53,2.5,3.857143,2.90566,0.951482,0.054473,0.290521,0.951482,0.056472,0.301183,32,evidentiary,complete,2000,20260713,
2018,final,full,expanded,all_teams,43965,Russia,8,97,2.5,3.375,3.072165,0.302835,0.737131,0.869965,0.320876,0.996502,1,32,evidentiary,complete,2000,20260713,
2018,final,full,expanded,all_teams,43835,Saudi Arabia,1,33,2.5,5,2.878788,2.121212,0.355822,0.711644,2.121212,0.441779,0.692987,32,non_evidentiary_lt3_cards,complete,2000,20260713,Fewer than three retained cards; reported but non-evidentiary.
2018,final,full,expanded,all_teams,43879,Senegal,6,47,2.5,3.833333,2.659574,1.173759,0.109945,0.351824,1.173759,0.116942,0.366362,32,evidentiary,complete,2000,20260713,
2018,final,full,expanded,all_teams,1902465,Serbia,9,47,2.5,3.111111,2.553191,0.55792,0.266367,0.585307,0.55792,0.389805,0.692987,32,evidentiary,complete,2000,20260713,
2018,final,full,expanded,all_teams,43969,Spain,2,38,2.5,1.5,2.421053,-0.921053,0.611194,0.844378,1.447368,0.437281,0.692987,32,non_evidentiary_lt3_cards,complete,2000,20260713,Fewer than three retained cards; reported but non-evidentiary.
2018,final,full,expanded,all_teams,43970,Sweden,8,80,2.5,3.75,2.7125,1.0375,0.121939,0.354732,1.0375,0.125937,0.366362,32,evidentiary,complete,2000,20260713,
2018,final,full,expanded,all_teams,43971,Switzerland,10,60,2.5,4.130435,2.95,1.180435,0.03998,0.255872,1.180435,0.03998,0.255872,32,evidentiary,complete,2000,20260713,
2018,final,full,expanded,all_teams,43888,Tunisia,4,50,2.5,2.75,3.06,-0.31,0.791604,0.869965,0.31,1,1,32,evidentiary,complete,2000,20260713,
2018,final,full,expanded,all_teams,43930,Uruguay,2,75,2.5,3,2.2,0.8,0.570215,0.829403,1.093333,0.636682,0.783608,32,non_evidentiary_lt3_cards,complete,2000,20260713,Fewer than three retained cards; reported but non-evidentiary.
2018,final,stripped,expanded,all_teams,43922,Argentina,10,62,2.5,3.1,2.870968,0.229032,0.693653,0.770925,0.267742,0.878061,0.919798,32,evidentiary,complete,2000,20260713,
2018,final,stripped,expanded,all_teams,43976,Australia,7,38,2.5,3,2.394737,0.605263,0.397801,0.692987,0.703008,0.355822,0.669783,32,evidentiary,complete,2000,20260713,
2018,final,stripped,expanded,all_teams,43935,Belgium,10,94,2.5,3.1,2.670213,0.429787,0.429285,0.692987,0.455319,0.548226,0.762749,32,evidentiary,complete,2000,20260713,
2018,final,stripped,expanded,all_teams,43924,Brazil,6,58,2.5,4,2.758621,1.241379,0.06097,0.487756,1.241379,0.064968,0.503748,32,evidentiary,complete,2000,20260713,
2018,final,stripped,expanded,all_teams,43926,Colombia,9,65,2.5,2.857143,2.8,0.057143,0.942029,0.942029,0.43663,0.828586,0.914301,32,evidentiary,complete,2000,20260713,
2018,final,stripped,expanded,all_teams,43901,Costa Rica,4,50,2.5,1.25,2.28,-1.03,0.253873,0.541596,1.03,0.315342,0.630685,32,evidentiary,complete,2000,20260713,
2018,final,stripped,expanded,all_teams,43938,Croatia,15,122,2.5,3.8,2.991803,0.808197,0.102449,0.487756,0.808197,0.124438,0.503748,32,evidentiary,complete,2000,20260713,
2018,final,stripped,expanded,all_teams,43941,Denmark,5,58,2.5,4.2,2.844828,1.355172,0.170415,0.495752,1.355172,0.196902,0.572805,32,evidentiary,complete,2000,20260713,
2018,final,stripped,expanded,all_teams,43855,Egypt,5,44,2.5,4,3.159091,0.840909,0.242379,0.541596,0.840909,0.302349,0.630685,32,evidentiary,complete,2000,20260713,
2018,final,stripped,expanded,all_teams,43942,England,5,71,2.5,3,2.774648,0.225352,0.829585,0.856346,0.698592,0.702149,0.832177,32,evidentiary,complete,2000,20260713,
2018,final,stripped,expanded,all_teams,43946,France,11,99,2.5,3.454545,2.737374,0.717172,0.154923,0.495752,0.717172,0.171914,0.572805,32,evidentiary,complete,2000,20260713,
2018,final,stripped,expanded,all_teams,43948,Germany,4,32,2.5,4.75,2.34375,2.40625,0.003498,0.111944,2.40625,0.003498,0.111944,32,evidentiary,complete,2000,20260713,
2018,final,stripped,expanded,all_teams,43951,Iceland,3,43,2.5,4,2.581395,1.418605,0.217891,0.541596,1.418605,0.242379,0.628257,32,evidentiary,complete,2000,20260713,
2018,final,stripped,expanded,all_teams,43817,Iran,5,46,2.5,3.6,2.695652,0.904348,0.251874,0.541596,0.913043,0.274863,0.628257,32,evidentiary,complete,2000,20260713,
2018,final,stripped,expanded,all_teams,43819,Japan,4,43,2.5,3.75,2.302326,1.447674,0.096952,0.487756,1.447674,0.103948,0.503748,32,evidentiary,complete,2000,20260713,
2018,final,stripped,expanded,all_teams,43822,Korea Republic,10,64,2.5,2.7,2.265625,0.434375,0.454773,0.692987,0.640625,0.270865,0.628257,32,evidentiary,complete,2000,20260713,
2018,final,stripped,expanded,all_teams,43911,Mexico,7,58,2.5,3.428571,2.310345,1.118227,0.088956,0.487756,1.118227,0.092454,0.503748,32,evidentiary,complete,2000,20260713,
2018,final,stripped,expanded,all_teams,43872,Morocco,6,63,2.5,2.166667,2.619048,-0.452381,0.518241,0.753805,0.706349,0.406797,0.706847,32,evidentiary,complete,2000,20260713,
2018,final,stripped,expanded,all_teams,43876,Nigeria,4,46,2.5,3.25,2.76087,0.48913,0.65967,0.770925,0.619565,0.749125,0.856143,32,evidentiary,complete,2000,20260713,
2018,final,stripped,expanded,all_teams,43914,Panama,9,53,2.5,3.111111,2.716981,0.39413,0.453773,0.692987,0.39413,0.662669,0.815592,32,evidentiary,complete,2000,20260713,
2018,final,stripped,expanded,all_teams,43929,Peru,5,38,2.5,3,2.605263,0.394737,0.698651,0.770925,0.7,0.515242,0.749443,32,evidentiary,complete,2000,20260713,
2018,final,stripped,expanded,all_teams,43962,Poland,3,33,2.5,3,2.333333,0.666667,0.658671,0.770925,0.848485,0.623688,0.814953,32,evidentiary,complete,2000,20260713,
2018,final,stripped,expanded,all_teams,43963,Portugal,6,53,2.5,3.666667,2.90566,0.761006,0.164418,0.495752,0.761006,0.191404,0.572805,32,evidentiary,complete,2000,20260713,
2018,final,stripped,expanded,all_teams,43965,Russia,8,97,2.5,3.375,3.072165,0.302835,0.737131,0.786274,0.320876,0.996502,0.996502,32,evidentiary,complete,2000,20260713,
2018,final,stripped,expanded,all_teams,43835,Saudi Arabia,1,33,2.5,5,2.878788,2.121212,0.355822,0.692987,2.121212,0.441779,0.706847,32,non_evidentiary_lt3_cards,complete,2000,20260713,Fewer than three retained cards; reported but non-evidentiary.
2018,final,stripped,expanded,all_teams,43879,Senegal,6,47,2.5,3.833333,2.659574,1.173759,0.109945,0.487756,1.173759,0.116942,0.503748,32,evidentiary,complete,2000,20260713,
2018,final,stripped,expanded,all_teams,1902465,Serbia,8,47,2.5,3,2.553191,0.446809,0.433783,0.692987,0.542553,0.504248,0.749443,32,evidentiary,complete,2000,20260713,
2018,final,stripped,expanded,all_teams,43969,Spain,2,38,2.5,1.5,2.421053,-0.921053,0.611194,0.770925,1.447368,0.437281,0.706847,32,non_evidentiary_lt3_cards,complete,2000,20260713,Fewer than three retained cards; reported but non-evidentiary.
2018,final,stripped,expanded,all_teams,43970,Sweden,8,80,2.5,3.75,2.7125,1.0375,0.121939,0.487756,1.0375,0.125937,0.503748,32,evidentiary,complete,2000,20260713,
2018,final,stripped,expanded,all_teams,43971,Switzerland,10,60,2.5,4.130435,2.95,1.180435,0.03998,0.487756,1.180435,0.03998,0.503748,32,evidentiary,complete,2000,20260713,
2018,final,stripped,expanded,all_teams,43888,Tunisia,3,50,2.5,3.666667,3.06,0.606667,0.637181,0.770925,0.606667,0.891054,0.919798,32,evidentiary,complete,2000,20260713,
2018,final,stripped,expanded,all_teams,43930,Uruguay,2,75,2.5,3,2.2,0.8,0.570215,0.770925,1.093333,0.636682,0.814953,32,non_evidentiary_lt3_cards,complete,2000,20260713,Fewer than three retained cards; reported but non-evidentiary.
2018,final,full,knockout,knockout_teams,43922,Argentina,5,14,2.5,2.2,2.785714,-0.585714,0.430785,0.595702,0.585714,0.526237,0.578377,16,evidentiary,complete,2000,20260713,
2018,final,full,knockout,knockout_teams,43935,Belgium,5,48,2.5,4,2.6875,1.3125,0.068466,0.453995,1.329167,0.055972,0.447776,16,evidentiary,complete,2000,20260713,
2018,final,full,knockout,knockout_teams,43924,Brazil,4,28,2.5,4,2.928571,1.071429,0.255372,0.453995,1.071429,0.296352,0.451411,16,evidentiary,complete,2000,20260713,
2018,final,full,knockout,knockout_teams,43926,Colombia,6,23,2.5,3.833333,3.173913,0.65942,0.446777,0.595702,0.978261,0.278361,0.451411,16,evidentiary,complete,2000,20260713,
2018,final,full,knockout,knockout_teams,43938,Croatia,7,65,2.5,4.428571,3.461538,0.967033,0.238881,0.453995,0.967033,0.310345,0.451411,16,evidentiary,complete,2000,20260713,
2018,final,full,knockout,knockout_teams,43941,Denmark,1,19,2.5,7,3.421053,3.578947,0.2009,0.453995,3.578947,0.2009,0.451411,16,non_evidentiary_lt3_cards,complete,2000,20260713,Fewer than three retained cards; reported but non-evidentiary.
2018,final,full,knockout,knockout_teams,43942,England,4,34,2.5,3.75,3.029412,0.720588,0.614193,0.701935,1.514706,0.25937,0.451411,16,evidentiary,complete,2000,20260713,
2018,final,full,knockout,knockout_teams,43946,France,9,61,2.5,3.555556,2.803279,0.752277,0.182909,0.453995,0.752277,0.212394,0.451411,16,evidentiary,complete,2000,20260713,
2018,final,full,knockout,knockout_teams,43819,Japan,1,11,2.5,2,2.727273,-0.727273,0.802599,0.856105,1.818182,0.542229,0.578377,16,non_evidentiary_lt3_cards,complete,2000,20260713,Fewer than three retained cards; reported but non-evidentiary.
2018,final,full,knockout,knockout_teams,43911,Mexico,4,19,2.5,3.75,2.315789,1.434211,0.090955,0.453995,1.434211,0.09945,0.451411,16,evidentiary,complete,2000,20260713,
2018,final,full,knockout,knockout_teams,43963,Portugal,1,13,2.5,5,2.384615,2.615385,0.157921,0.453995,2.615385,0.157921,0.451411,16,non_evidentiary_lt3_cards,complete,2000,20260713,Fewer than three retained cards; reported but non-evidentiary.
2018,final,full,knockout,knockout_teams,43965,Russia,3,45,2.5,4.666667,3.244444,1.422222,0.401299,0.595702,1.555556,0.418291,0.557721,16,evidentiary,complete,2000,20260713,
2018,final,full,knockout,knockout_teams,43969,Spain,1,6,2.5,2,2.833333,-0.833333,1,1,1.5,1,1,16,non_evidentiary_lt3_cards,complete,2000,20260713,Fewer than three retained cards; reported but non-evidentiary.
2018,final,full,knockout,knockout_teams,43970,Sweden,3,26,2.5,4,2.615385,1.384615,0.225887,0.453995,1.384615,0.241379,0.451411,16,evidentiary,complete,2000,20260713,
2018,final,full,knockout,knockout_teams,43971,Switzerland,3,16,2.5,4.555556,2.625,1.930556,0.043478,0.453995,1.930556,0.043478,0.447776,16,evidentiary,complete,2000,20260713,
2018,final,full,knockout,knockout_teams,43930,Uruguay,2,36,2.5,3,2.138889,0.861111,0.562219,0.691962,1.194444,0.513743,0.578377,16,non_evidentiary_lt3_cards,complete,2000,20260713,Fewer than three retained cards; reported but non-evidentiary.
2018,final,stripped,knockout,knockout_teams,43922,Argentina,5,14,2.5,2.2,2.785714,-0.585714,0.430785,0.646177,0.585714,0.526237,0.58096,15,evidentiary,complete,2000,20260713,
2018,final,stripped,knockout,knockout_teams,43935,Belgium,5,48,2.5,4,2.6875,1.3125,0.068466,0.513493,1.329167,0.055972,0.41979,15,evidentiary,complete,2000,20260713,
2018,final,stripped,knockout,knockout_teams,43924,Brazil,4,28,2.5,4,2.928571,1.071429,0.255372,0.629685,1.071429,0.296352,0.529235,15,evidentiary,complete,2000,20260713,
2018,final,stripped,knockout,knockout_teams,43926,Colombia,5,23,2.5,3.8,3.173913,0.626087,0.494253,0.663707,1.078261,0.306347,0.529235,15,evidentiary,complete,2000,20260713,
2018,final,stripped,knockout,knockout_teams,43938,Croatia,7,65,2.5,4.428571,3.461538,0.967033,0.238881,0.629685,0.967033,0.310345,0.529235,15,evidentiary,complete,2000,20260713,
2018,final,stripped,knockout,knockout_teams,43941,Denmark,1,19,2.5,7,3.421053,3.578947,0.2009,0.629685,3.578947,0.2009,0.529235,15,non_evidentiary_lt3_cards,complete,2000,20260713,Fewer than three retained cards; reported but non-evidentiary.
2018,final,stripped,knockout,knockout_teams,43942,England,3,34,2.5,4,3.029412,0.970588,0.575212,0.663707,1.598039,0.322339,0.529235,15,evidentiary,complete,2000,20260713,
2018,final,stripped,knockout,knockout_teams,43946,France,8,61,2.5,3.375,2.803279,0.571721,0.335832,0.629685,0.629098,0.352824,0.529235,15,evidentiary,complete,2000,20260713,
2018,final,stripped,knockout,knockout_teams,43819,Japan,1,11,2.5,2,2.727273,-0.727273,0.802599,0.859927,1.818182,0.542229,0.58096,15,non_evidentiary_lt3_cards,complete,2000,20260713,Fewer than three retained cards; reported but non-evidentiary.
2018,final,stripped,knockout,knockout_teams,43911,Mexico,3,19,2.5,3.333333,2.315789,1.017544,0.330835,0.629685,1.087719,0.335332,0.529235,15,evidentiary,complete,2000,20260713,
2018,final,stripped,knockout,knockout_teams,43963,Portugal,0,13,2.5,,,,,,,,,15,zero_cards_excluded_from_m,complete,2000,20260713,No retained card; statistic undefined and excluded from BH m.
2018,final,stripped,knockout,knockout_teams,43965,Russia,3,45,2.5,4.666667,3.244444,1.422222,0.401299,0.646177,1.555556,0.418291,0.570397,15,evidentiary,complete,2000,20260713,
2018,final,stripped,knockout,knockout_teams,43969,Spain,1,6,2.5,2,2.833333,-0.833333,1,1,1.5,1,1,15,non_evidentiary_lt3_cards,complete,2000,20260713,Fewer than three retained cards; reported but non-evidentiary.
2018,final,stripped,knockout,knockout_teams,43970,Sweden,3,26,2.5,4,2.615385,1.384615,0.225887,0.629685,1.384615,0.241379,0.529235,15,evidentiary,complete,2000,20260713,
2018,final,stripped,knockout,knockout_teams,43971,Switzerland,3,16,2.5,4.555556,2.625,1.930556,0.043478,0.513493,1.930556,0.043478,0.41979,15,evidentiary,complete,2000,20260713,
2018,final,stripped,knockout,knockout_teams,43930,Uruguay,2,36,2.5,3,2.138889,0.861111,0.562219,0.663707,1.194444,0.513743,0.58096,15,non_evidentiary_lt3_cards,complete,2000,20260713,Fewer than three retained cards; reported but non-evidentiary.
2022,final,full,expanded,all_teams,43922,Argentina,16,114,2.5,4.5,3.166667,1.333333,0.003498,0.111944,1.333333,0.004998,0.127936,32,evidentiary,complete,2000,20260713,
2022,final,full,expanded,all_teams,43976,Australia,7,60,2.5,2.714286,2.7,0.014286,1,1,0.190476,0.989505,0.989505,32,evidentiary,complete,2000,20260713,
2022,final,full,expanded,all_teams,43935,Belgium,5,31,2.5,2.2,2.677419,-0.477419,0.558221,0.811958,0.516129,0.752624,0.860141,32,evidentiary,complete,2000,20260713,
2022,final,full,expanded,all_teams,43924,Brazil,6,66,2.5,3,3.333333,-0.333333,0.781609,0.966983,0.424242,0.92004,0.949719,32,evidentiary,complete,2000,20260713,
2022,final,full,expanded,all_teams,43849,Cameroon,8,36,2.5,2.25,2.416667,-0.166667,0.82009,0.966983,0.305556,0.826587,0.912096,32,evidentiary,complete,2000,20260713,
2022,final,full,expanded,all_teams,43899,Canada,8,37,2.5,3.25,2.189189,1.060811,0.072464,0.390662,1.060811,0.077961,0.415792,32,evidentiary,complete,2000,20260713,
2022,final,full,expanded,all_teams,43901,Costa Rica,6,31,2.5,4,3.032258,0.967742,0.138431,0.492198,0.967742,0.150925,0.471037,32,evidentiary,complete,2000,20260713,
2022,final,full,expanded,all_teams,43938,Croatia,8,87,2.5,4.125,3.229885,0.895115,0.223388,0.595702,0.906609,0.26087,0.634683,32,evidentiary,complete,2000,20260713,
2022,final,full,expanded,all_teams,43941,Denmark,5,34,2.5,2.6,2.352941,0.247059,0.788606,0.966983,0.823529,0.317341,0.634683,32,evidentiary,complete,2000,20260713,
2022,final,full,expanded,all_teams,43927,Ecuador,3,50,2.5,2.333333,2.66,-0.326667,0.857071,0.966983,0.86,0.635682,0.836702,32,evidentiary,complete,2000,20260713,
2022,final,full,expanded,all_teams,43942,England,1,57,2.5,5,3.122807,1.877193,0.533733,0.811958,1.877193,0.533733,0.776339,32,non_evidentiary_lt3_cards,complete,2000,20260713,Fewer than three retained cards; reported but non-evidentiary.
2022,final,full,expanded,all_teams,43946,France,8,75,2.5,3.375,2.533333,0.841667,0.188406,0.54809,0.921667,0.161919,0.471037,32,evidentiary,complete,2000,20260713,
2022,final,full,expanded,all_teams,43948,Germany,3,31,2.5,3,2.225806,0.774194,0.452774,0.811958,1.032258,0.390305,0.664468,32,evidentiary,complete,2000,20260713,
2022,final,full,expanded,all_teams,43860,Ghana,8,51,2.5,3.5,2.784314,0.715686,0.250875,0.609981,0.715686,0.291854,0.634683,32,evidentiary,complete,2000,20260713,
2022,final,full,expanded,all_teams,43817,Iran,7,52,2.5,4.142857,2.788462,1.354396,0.011994,0.127936,1.354396,0.011994,0.127936,32,evidentiary,complete,2000,20260713,
2022,final,full,expanded,all_teams,43819,Japan,6,63,2.5,3,2.84127,0.15873,0.906547,0.966983,0.761905,0.45927,0.699841,32,evidentiary,complete,2000,20260713,
2022,final,full,expanded,all_teams,43822,Korea Republic,6,47,2.5,3.333333,2.468085,0.865248,0.266867,0.609981,0.865248,0.297351,0.634683,32,evidentiary,complete,2000,20260713,
2022,final,full,expanded,all_teams,43911,Mexico,7,53,2.5,2.571429,2.811321,-0.239892,0.746627,0.966983,0.628032,0.414293,0.664468,32,evidentiary,complete,2000,20260713,
2022,final,full,expanded,all_teams,43872,Morocco,7,100,2.5,4.285714,3.29,0.995714,0.155422,0.497351,1.115714,0.11944,0.471037,32,evidentiary,complete,2000,20260713,
2022,final,full,expanded,all_teams,43960,Netherlands,8,99,2.5,3.625,3.141414,0.483586,0.538731,0.811958,0.887626,0.310345,0.634683,32,evidentiary,complete,2000,20260713,
2022,final,full,expanded,all_teams,43962,Poland,7,52,2.5,3,2.538462,0.461538,0.503248,0.811958,0.664835,0.369815,0.664468,32,evidentiary,complete,2000,20260713,
2022,final,full,expanded,all_teams,43963,Portugal,6,59,2.5,4.5,2.898305,1.601695,0.017491,0.13993,1.601695,0.017991,0.143928,32,evidentiary,complete,2000,20260713,
2022,final,full,expanded,all_teams,43834,Qatar,7,36,2.5,2.428571,2.444444,-0.015873,1,1,0.587302,0.415292,0.664468,32,evidentiary,complete,2000,20260713,
2022,final,full,expanded,all_teams,43835,Saudi Arabia,14,59,2.5,3.785714,2.79661,0.989104,0.007996,0.127936,0.989104,0.007996,0.127936,32,evidentiary,complete,2000,20260713,
2022,final,full,expanded,all_teams,43879,Senegal,7,49,2.5,4.142857,3.020408,1.122449,0.076962,0.390662,1.122449,0.078461,0.415792,32,evidentiary,complete,2000,20260713,
2022,final,full,expanded,all_teams,1902465,Serbia,12,48,2.5,3.666667,2.875,0.791667,0.085457,0.390662,0.791667,0.090955,0.415792,32,evidentiary,complete,2000,20260713,
2022,final,full,expanded,all_teams,43969,Spain,2,44,2.5,3.5,2.340909,1.159091,0.47976,0.811958,1.159091,0.653673,0.836702,32,non_evidentiary_lt3_cards,complete,2000,20260713,Fewer than three retained cards; reported but non-evidentiary.
2022,final,full,expanded,all_teams,43971,Switzerland,9,61,2.5,3.333333,2.967213,0.36612,0.518241,0.811958,0.36612,0.734133,0.860141,32,evidentiary,complete,2000,20260713,
2022,final,full,expanded,all_teams,43888,Tunisia,5,41,2.5,3.2,3.073171,0.126829,0.886557,0.966983,0.536585,0.638681,0.836702,32,evidentiary,complete,2000,20260713,
2022,final,full,expanded,all_teams,43921,United States,5,51,2.5,2,3.196078,-1.196078,0.133933,0.492198,1.196078,0.137431,0.471037,32,evidentiary,complete,2000,20260713,
2022,final,full,expanded,all_teams,43930,Uruguay,6,34,2.5,2.5,2.029412,0.470588,0.514243,0.811958,0.470588,0.723138,0.860141,32,evidentiary,complete,2000,20260713,
2022,final,full,expanded,all_teams,43974,Wales,6,38,2.5,3.133333,2.763158,0.370175,0.657171,0.914325,0.436842,0.85957,0.916875,32,evidentiary,complete,2000,20260713,
2022,final,stripped,expanded,all_teams,43922,Argentina,13,114,2.5,4.230769,3.166667,1.064103,0.038481,0.497351,1.064103,0.041979,0.564518,32,evidentiary,complete,2000,20260713,
2022,final,stripped,expanded,all_teams,43976,Australia,7,60,2.5,2.714286,2.7,0.014286,1,1,0.190476,0.989505,1,32,evidentiary,complete,2000,20260713,
2022,final,stripped,expanded,all_teams,43935,Belgium,5,31,2.5,2.2,2.677419,-0.477419,0.558221,0.857476,0.516129,0.752624,0.891998,32,evidentiary,complete,2000,20260713,
2022,final,stripped,expanded,all_teams,43924,Brazil,6,66,2.5,3,3.333333,-0.333333,0.781609,0.966983,0.424242,0.92004,0.981376,32,evidentiary,complete,2000,20260713,
2022,final,stripped,expanded,all_teams,43849,Cameroon,8,36,2.5,2.25,2.416667,-0.166667,0.82009,0.966983,0.305556,0.826587,0.944671,32,evidentiary,complete,2000,20260713,
2022,final,stripped,expanded,all_teams,43899,Canada,8,37,2.5,3.25,2.189189,1.060811,0.072464,0.497351,1.060811,0.077961,0.564518,32,evidentiary,complete,2000,20260713,
2022,final,stripped,expanded,all_teams,43901,Costa Rica,6,31,2.5,4,3.032258,0.967742,0.138431,0.497351,0.967742,0.150925,0.564518,32,evidentiary,complete,2000,20260713,
2022,final,stripped,expanded,all_teams,43938,Croatia,7,87,2.5,4.428571,3.229885,1.198686,0.136432,0.497351,1.198686,0.156422,0.564518,32,evidentiary,complete,2000,20260713,
2022,final,stripped,expanded,all_teams,43941,Denmark,5,34,2.5,2.6,2.352941,0.247059,0.788606,0.966983,0.823529,0.317341,0.664468,32,evidentiary,complete,2000,20260713,
2022,final,stripped,expanded,all_teams,43927,Ecuador,3,50,2.5,2.333333,2.66,-0.326667,0.857071,0.966983,0.86,0.635682,0.836702,32,evidentiary,complete,2000,20260713,
2022,final,stripped,expanded,all_teams,43942,England,1,57,2.5,5,3.122807,1.877193,0.533733,0.857476,1.877193,0.533733,0.776339,32,non_evidentiary_lt3_cards,complete,2000,20260713,Fewer than three retained cards; reported but non-evidentiary.
2022,final,stripped,expanded,all_teams,43946,France,7,75,2.5,3.142857,2.533333,0.609524,0.390805,0.857476,0.731429,0.376312,0.664468,32,evidentiary,complete,2000,20260713,
2022,final,stripped,expanded,all_teams,43948,Germany,3,31,2.5,3,2.225806,0.774194,0.452774,0.857476,1.032258,0.390305,0.664468,32,evidentiary,complete,2000,20260713,
2022,final,stripped,expanded,all_teams,43860,Ghana,8,51,2.5,3.5,2.784314,0.715686,0.250875,0.711644,0.715686,0.291854,0.664468,32,evidentiary,complete,2000,20260713,
2022,final,stripped,expanded,all_teams,43817,Iran,5,52,2.5,3.8,2.788462,1.011538,0.136932,0.497351,1.011538,0.162919,0.564518,32,evidentiary,complete,2000,20260713,
2022,final,stripped,expanded,all_teams,43819,Japan,6,63,2.5,3,2.84127,0.15873,0.906547,0.966983,0.761905,0.45927,0.699841,32,evidentiary,complete,2000,20260713,
2022,final,stripped,expanded,all_teams,43822,Korea Republic,6,47,2.5,3.333333,2.468085,0.865248,0.266867,0.711644,0.865248,0.297351,0.664468,32,evidentiary,complete,2000,20260713,
2022,final,stripped,expanded,all_teams,43911,Mexico,7,53,2.5,2.571429,2.811321,-0.239892,0.746627,0.966983,0.628032,0.414293,0.664468,32,evidentiary,complete,2000,20260713,
2022,final,stripped,expanded,all_teams,43872,Morocco,7,100,2.5,4.285714,3.29,0.995714,0.155422,0.497351,1.115714,0.11944,0.564518,32,evidentiary,complete,2000,20260713,
2022,final,stripped,expanded,all_teams,43960,Netherlands,6,99,2.5,3.666667,3.141414,0.525253,0.562719,0.857476,0.929293,0.408296,0.664468,32,evidentiary,complete,2000,20260713,
2022,final,stripped,expanded,all_teams,43962,Poland,7,52,2.5,3,2.538462,0.461538,0.503248,0.857476,0.664835,0.369815,0.664468,32,evidentiary,complete,2000,20260713,
2022,final,stripped,expanded,all_teams,43963,Portugal,5,59,2.5,4.4,2.898305,1.501695,0.03998,0.497351,1.501695,0.044978,0.564518,32,evidentiary,complete,2000,20260713,
2022,final,stripped,expanded,all_teams,43834,Qatar,7,36,2.5,2.428571,2.444444,-0.015873,1,1,0.587302,0.415292,0.664468,32,evidentiary,complete,2000,20260713,
2022,final,stripped,expanded,all_teams,43835,Saudi Arabia,9,59,2.5,3.555556,2.79661,0.758945,0.151924,0.497351,0.758945,0.176412,0.564518,32,evidentiary,complete,2000,20260713,
2022,final,stripped,expanded,all_teams,43879,Senegal,7,49,2.5,4.142857,3.020408,1.122449,0.076962,0.497351,1.122449,0.078461,0.564518,32,evidentiary,complete,2000,20260713,
2022,final,stripped,expanded,all_teams,1902465,Serbia,9,48,2.5,3.444444,2.875,0.569444,0.302849,0.745473,0.569444,0.406797,0.664468,32,evidentiary,complete,2000,20260713,
2022,final,stripped,expanded,all_teams,43969,Spain,2,44,2.5,3.5,2.340909,1.159091,0.47976,0.857476,1.159091,0.653673,0.836702,32,non_evidentiary_lt3_cards,complete,2000,20260713,Fewer than three retained cards; reported but non-evidentiary.
2022,final,stripped,expanded,all_teams,43971,Switzerland,9,61,2.5,3.333333,2.967213,0.36612,0.518241,0.857476,0.36612,0.734133,0.891998,32,evidentiary,complete,2000,20260713,
2022,final,stripped,expanded,all_teams,43888,Tunisia,5,41,2.5,3.2,3.073171,0.126829,0.886557,0.966983,0.536585,0.638681,0.836702,32,evidentiary,complete,2000,20260713,
2022,final,stripped,expanded,all_teams,43921,United States,5,51,2.5,2,3.196078,-1.196078,0.133933,0.497351,1.196078,0.137431,0.564518,32,evidentiary,complete,2000,20260713,
2022,final,stripped,expanded,all_teams,43930,Uruguay,5,34,2.5,2.2,2.029412,0.170588,0.893053,0.966983,0.205882,1,1,32,evidentiary,complete,2000,20260713,
2022,final,stripped,expanded,all_teams,43974,Wales,6,38,2.5,3.133333,2.763158,0.370175,0.657171,0.955886,0.436842,0.85957,0.948491,32,evidentiary,complete,2000,20260713,
2022,final,full,knockout,knockout_teams,43922,Argentina,14,80,2.5,4.785714,3.45,1.335714,0.004998,0.069965,1.335714,0.005497,0.076962,14,evidentiary,complete,2000,20260713,
2022,final,full,knockout,knockout_teams,43976,Australia,2,18,2.5,1.5,2.111111,-0.611111,0.702149,0.893644,1.277778,0.421789,0.682966,14,non_evidentiary_lt3_cards,complete,2000,20260713,Fewer than three retained cards; reported but non-evidentiary.
2022,final,full,knockout,knockout_teams,43924,Brazil,3,33,2.5,3.333333,4.30303,-0.969697,0.52074,0.841135,1.090909,0.634183,0.682966,14,evidentiary,complete,2000,20260713,
2022,final,full,knockout,knockout_teams,43938,Croatia,6,49,2.5,4.166667,3.693878,0.472789,0.624688,0.874563,1.044218,0.297351,0.682966,14,evidentiary,complete,2000,20260713,
2022,final,full,knockout,knockout_teams,43942,England,1,26,2.5,5,3.576923,1.423077,0.54073,0.841135,1.423077,0.54073,0.682966,14,non_evidentiary_lt3_cards,complete,2000,20260713,Fewer than three retained cards; reported but non-evidentiary.
2022,final,full,knockout,knockout_teams,43946,France,7,59,2.5,3.571429,2.711864,0.859564,0.182409,0.841135,0.961259,0.173913,0.682966,14,evidentiary,complete,2000,20260713,
2022,final,full,knockout,knockout_teams,43819,Japan,0,13,2.5,,,,,,,,,14,zero_cards_excluded_from_m,complete,2000,20260713,No retained card; statistic undefined and excluded from BH m.
2022,final,full,knockout,knockout_teams,43822,Korea Republic,1,12,2.5,2,2.5,-0.5,1,1,1.666667,1,1,14,non_evidentiary_lt3_cards,complete,2000,20260713,Fewer than three retained cards; reported but non-evidentiary.
2022,final,full,knockout,knockout_teams,43872,Morocco,5,51,2.5,4,3.431373,0.568627,0.506747,0.841135,0.85098,0.432284,0.682966,14,evidentiary,complete,2000,20260713,
2022,final,full,knockout,knockout_teams,43960,Netherlands,6,48,2.5,3.833333,4,-0.166667,0.915542,0.985969,0.833333,0.525737,0.682966,14,evidentiary,complete,2000,20260713,
2022,final,full,knockout,knockout_teams,43962,Poland,2,10,2.5,4,2.6,1.4,0.407796,0.841135,1.4,0.454773,0.682966,14,non_evidentiary_lt3_cards,complete,2000,20260713,Fewer than three retained cards; reported but non-evidentiary.
2022,final,full,knockout,knockout_teams,43963,Portugal,1,23,2.5,5,2.652174,2.347826,0.274863,0.841135,2.347826,0.274863,0.682966,14,non_evidentiary_lt3_cards,complete,2000,20260713,Fewer than three retained cards; reported but non-evidentiary.
2022,final,full,knockout,knockout_teams,43879,Senegal,1,13,2.5,5,2.615385,2.384615,0.535732,0.841135,2.384615,0.535732,0.682966,14,non_evidentiary_lt3_cards,complete,2000,20260713,Fewer than three retained cards; reported but non-evidentiary.
2022,final,full,knockout,knockout_teams,43969,Spain,1,14,2.5,5,1.928571,3.071429,0.211894,0.841135,3.071429,0.211894,0.682966,14,non_evidentiary_lt3_cards,complete,2000,20260713,Fewer than three retained cards; reported but non-evidentiary.
2022,final,full,knockout,knockout_teams,43971,Switzerland,2,15,2.5,2.5,2.933333,-0.433333,0.78061,0.910711,0.833333,0.621189,0.682966,14,non_evidentiary_lt3_cards,complete,2000,20260713,Fewer than three retained cards; reported but non-evidentiary.
2022,final,full,knockout,knockout_teams,43921,United States,0,5,2.5,,,,,,,,,14,zero_cards_excluded_from_m,complete,2000,20260713,No retained card; statistic undefined and excluded from BH m.
2022,final,stripped,knockout,knockout_teams,43922,Argentina,11,80,2.5,4.545455,3.45,1.095455,0.047476,0.664668,1.095455,0.056972,0.73988,14,evidentiary,complete,2000,20260713,
2022,final,stripped,knockout,knockout_teams,43976,Australia,2,18,2.5,1.5,2.111111,-0.611111,0.702149,0.893644,1.277778,0.421789,0.73988,14,non_evidentiary_lt3_cards,complete,2000,20260713,Fewer than three retained cards; reported but non-evidentiary.
2022,final,stripped,knockout,knockout_teams,43924,Brazil,3,33,2.5,3.333333,4.30303,-0.969697,0.52074,0.757021,1.090909,0.634183,0.73988,14,evidentiary,complete,2000,20260713,
2022,final,stripped,knockout,knockout_teams,43938,Croatia,5,49,2.5,4.6,3.693878,0.906122,0.364818,0.757021,1.077551,0.384808,0.73988,14,evidentiary,complete,2000,20260713,
2022,final,stripped,knockout,knockout_teams,43942,England,1,26,2.5,5,3.576923,1.423077,0.54073,0.757021,1.423077,0.54073,0.73988,14,non_evidentiary_lt3_cards,complete,2000,20260713,Fewer than three retained cards; reported but non-evidentiary.
2022,final,stripped,knockout,knockout_teams,43946,France,6,59,2.5,3.333333,2.711864,0.621469,0.405297,0.757021,0.723164,0.461269,0.73988,14,evidentiary,complete,2000,20260713,
2022,final,stripped,knockout,knockout_teams,43819,Japan,0,13,2.5,,,,,,,,,14,zero_cards_excluded_from_m,complete,2000,20260713,No retained card; statistic undefined and excluded from BH m.
2022,final,stripped,knockout,knockout_teams,43822,Korea Republic,1,12,2.5,2,2.5,-0.5,1,1,1.666667,1,1,14,non_evidentiary_lt3_cards,complete,2000,20260713,Fewer than three retained cards; reported but non-evidentiary.
2022,final,stripped,knockout,knockout_teams,43872,Morocco,5,51,2.5,4,3.431373,0.568627,0.506747,0.757021,0.85098,0.432284,0.73988,14,evidentiary,complete,2000,20260713,
2022,final,stripped,knockout,knockout_teams,43960,Netherlands,4,48,2.5,4,4,0,1,1,0.833333,0.690655,0.743782,14,evidentiary,complete,2000,20260713,
2022,final,stripped,knockout,knockout_teams,43962,Poland,2,10,2.5,4,2.6,1.4,0.407796,0.757021,1.4,0.454773,0.73988,14,non_evidentiary_lt3_cards,complete,2000,20260713,Fewer than three retained cards; reported but non-evidentiary.
2022,final,stripped,knockout,knockout_teams,43963,Portugal,1,23,2.5,5,2.652174,2.347826,0.274863,0.757021,2.347826,0.274863,0.73988,14,non_evidentiary_lt3_cards,complete,2000,20260713,Fewer than three retained cards; reported but non-evidentiary.
2022,final,stripped,knockout,knockout_teams,43879,Senegal,1,13,2.5,5,2.615385,2.384615,0.535732,0.757021,2.384615,0.535732,0.73988,14,non_evidentiary_lt3_cards,complete,2000,20260713,Fewer than three retained cards; reported but non-evidentiary.
2022,final,stripped,knockout,knockout_teams,43969,Spain,1,14,2.5,5,1.928571,3.071429,0.211894,0.757021,3.071429,0.211894,0.73988,14,non_evidentiary_lt3_cards,complete,2000,20260713,Fewer than three retained cards; reported but non-evidentiary.
2022,final,stripped,knockout,knockout_teams,43971,Switzerland,2,15,2.5,2.5,2.933333,-0.433333,0.78061,0.910711,0.833333,0.621189,0.73988,14,non_evidentiary_lt3_cards,complete,2000,20260713,Fewer than three retained cards; reported but non-evidentiary.
2022,final,stripped,knockout,knockout_teams,43921,United States,0,5,2.5,,,,,,,,,14,zero_cards_excluded_from_m,complete,2000,20260713,No retained card; statistic undefined and excluded from BH m.
2026,provisional_M100,full,expanded,all_teams,43843,Algeria,3,26,2.5,2.666667,2.923077,-0.25641,0.835582,0.954951,0.641026,0.724138,0.891247,48,evidentiary,complete_with_known_undercount,2000,20260713,
2026,provisional_M100,full,expanded,all_teams,43922,Argentina,6,69,2.5,6,2.521739,3.478261,0.0005,0.011994,3.478261,0.0005,0.011994,48,evidentiary,complete_with_known_undercount,2000,20260713,
2026,provisional_M100,full,expanded,all_teams,43976,Australia,5,43,2.5,3.2,3.232558,-0.032558,1,1,0.469767,0.952024,0.993416,48,evidentiary,complete_with_known_undercount,2000,20260713,
2026,provisional_M100,full,expanded,all_teams,43934,Austria,5,44,2.5,3.4,2.75,0.65,0.406797,0.813593,0.777273,0.367816,0.692125,48,evidentiary,complete_with_known_undercount,2000,20260713,
2026,provisional_M100,full,expanded,all_teams,43935,Belgium,7,71,2.5,3.411765,3.056338,0.355427,0.684158,0.954951,0.882353,0.44028,0.692125,48,evidentiary,complete_with_known_undercount,2000,20260713,
2026,provisional_M100,full,expanded,all_teams,44037,Bosnia and Herzegovina,8,53,2.5,4.052632,2.54717,1.505462,0.016492,0.131934,1.505462,0.016492,0.131934,48,evidentiary,complete_with_known_undercount,2000,20260713,
2026,provisional_M100,full,expanded,all_teams,43924,Brazil,8,43,2.5,3.125,2.953488,0.171512,0.805597,0.954951,0.188953,0.973013,0.993716,48,evidentiary,complete_with_known_undercount,2000,20260713,
2026,provisional_M100,full,expanded,all_teams,43850,Cabo Verde,5,23,2.5,2,3.304348,-1.304348,0.09995,0.436146,1.304348,0.130935,0.407796,48,evidentiary,complete_with_known_undercount,2000,20260713,
2026,provisional_M100,full,expanded,all_teams,43899,Canada,11,63,2.5,2.545455,2.777778,-0.232323,0.661169,0.954951,0.500722,0.422289,0.692125,48,evidentiary,complete_with_known_undercount,2000,20260713,
2026,provisional_M100,full,expanded,all_teams,43926,Colombia,8,63,2.5,3.5,3.365079,0.134921,0.835582,0.954951,0.595238,0.547726,0.730302,48,evidentiary,complete_with_known_undercount,2000,20260713,
2026,provisional_M100,full,expanded,all_teams,20014,Congo DR,6,38,2.5,2.5,2.815789,-0.315789,0.669165,0.954951,0.491228,0.685157,0.865462,48,evidentiary,complete_with_known_undercount,2000,20260713,
2026,provisional_M100,full,expanded,all_teams,43938,Croatia,4,41,2.5,4.25,2.878049,1.371951,0.135432,0.500058,1.371951,0.144428,0.407796,48,evidentiary,complete_with_known_undercount,2000,20260713,
2026,provisional_M100,full,expanded,all_teams,1895293,Curaçao,7,26,2.5,4,2.076923,1.923077,0.0005,0.011994,1.923077,0.0005,0.011994,48,evidentiary,complete_with_known_undercount,2000,20260713,
2026,provisional_M100,full,expanded,all_teams,43995,Czechia,1,36,2.5,5,2.694444,2.305556,0.268866,0.693368,2.305556,0.268866,0.61455,48,non_evidentiary_lt3_cards,complete_with_known_undercount,2000,20260713,Fewer than three retained cards; reported but non-evidentiary.
2026,provisional_M100,full,expanded,all_teams,43854,Côte d'Ivoire,4,25,2.5,1.75,2.84,-1.09,0.249375,0.693368,1.41,0.13993,0.407796,48,evidentiary,complete_with_known_undercount,2000,20260713,
2026,provisional_M100,full,expanded,all_teams,43927,Ecuador,9,42,2.5,3.857143,2.785714,1.071429,0.093953,0.436146,1.071429,0.10045,0.401799,48,evidentiary,complete_with_known_undercount,2000,20260713,
2026,provisional_M100,full,expanded,all_teams,43855,Egypt,11,50,2.5,3.545455,3.14,0.405455,0.433283,0.831904,0.86,0.095452,0.401799,48,evidentiary,complete_with_known_undercount,2000,20260713,
2026,provisional_M100,full,expanded,all_teams,43942,England,8,59,2.5,2.894737,3.067797,-0.17306,0.818091,0.954951,0.510259,0.795602,0.90926,48,evidentiary,complete_with_known_undercount,2000,20260713,
2026,provisional_M100,full,expanded,all_teams,43946,France,4,56,2.5,3.75,2.535714,1.214286,0.201899,0.646077,1.214286,0.231384,0.555322,48,evidentiary,complete_with_known_undercount,2000,20260713,
2026,provisional_M100,full,expanded,all_teams,43948,Germany,3,48,2.5,5.333333,2.854167,2.479167,0.015492,0.131934,2.479167,0.015492,0.131934,48,evidentiary,complete_with_known_undercount,2000,20260713,
2026,provisional_M100,full,expanded,all_teams,43860,Ghana,6,51,2.5,3.666667,3,0.666667,0.395802,0.813593,0.666667,0.474263,0.692125,48,evidentiary,complete_with_known_undercount,2000,20260713,
2026,provisional_M100,full,expanded,all_teams,43908,Haiti,7,50,2.5,3.285714,2.82,0.465714,0.452774,0.83444,0.591429,0.443778,0.692125,48,evidentiary,complete_with_known_undercount,2000,20260713,
2026,provisional_M100,full,expanded,all_teams,43817,IR Iran,6,29,2.5,3.333333,3.034483,0.298851,0.631684,0.954951,0.528736,0.573213,0.743628,48,evidentiary,complete_with_known_undercount,2000,20260713,
2026,provisional_M100,full,expanded,all_teams,43818,Iraq,5,23,2.5,2.307692,2.695652,-0.38796,0.656672,0.954951,1.103679,0.191404,0.483548,48,evidentiary,complete_with_known_undercount,2000,20260713,
2026,provisional_M100,full,expanded,all_teams,43819,Japan,4,51,2.5,3,2.764706,0.235294,0.884058,0.982963,0.5,0.792104,0.90926,48,evidentiary,complete_with_known_undercount,2000,20260713,
2026,provisional_M100,full,expanded,all_teams,43820,Jordan,4,27,2.5,3.5,3.185185,0.314815,0.736632,0.954951,0.759259,0.444778,0.692125,48,evidentiary,complete_with_known_undercount,2000,20260713,
2026,provisional_M100,full,expanded,all_teams,43822,Korea Republic,4,21,2.5,3.25,2.619048,0.630952,0.470265,0.83444,0.845238,0.472764,0.692125,48,evidentiary,complete_with_known_undercount,2000,20260713,
2026,provisional_M100,full,expanded,all_teams,43911,Mexico,5,55,2.5,4.076923,2.545455,1.531469,0.07946,0.423788,1.531469,0.081459,0.398201,48,evidentiary,complete_with_known_undercount,2000,20260713,
2026,provisional_M100,full,expanded,all_teams,43872,Morocco,7,68,2.5,2.142857,3.191176,-1.048319,0.182409,0.625402,1.342437,0.082959,0.398201,48,evidentiary,complete_with_known_undercount,2000,20260713,
2026,provisional_M100,full,expanded,all_teams,43960,Netherlands,3,41,2.5,4.666667,3.195122,1.471545,0.281359,0.693368,1.910569,0.142429,0.407796,48,evidentiary,complete_with_known_undercount,2000,20260713,
2026,provisional_M100,full,expanded,all_teams,43978,New Zealand,4,28,2.5,2.25,2.678571,-0.428571,0.657671,0.954951,0.785714,0.490255,0.692125,48,evidentiary,complete_with_known_undercount,2000,20260713,
2026,provisional_M100,full,expanded,all_teams,43961,Norway,3,56,2.5,3,2.767857,0.232143,0.901049,0.982963,1.053571,0.526237,0.721696,48,evidentiary,complete_with_known_undercount,2000,20260713,
2026,provisional_M100,full,expanded,all_teams,43914,Panama,5,41,2.5,4.2,2.365854,1.834146,0.005997,0.095952,1.834146,0.005997,0.095952,48,evidentiary,complete_with_known_undercount,2000,20260713,
2026,provisional_M100,full,expanded,all_teams,43928,Paraguay,10,57,2.5,3.391304,3.22807,0.163234,0.802599,0.954951,0.370709,0.870065,0.971235,48,evidentiary,complete_with_known_undercount,2000,20260713,
2026,provisional_M100,full,expanded,all_teams,43963,Portugal,7,37,2.5,3.571429,2.459459,1.111969,0.045477,0.311844,1.212355,0.024988,0.171343,48,evidentiary,complete_with_known_undercount,2000,20260713,
2026,provisional_M100,full,expanded,all_teams,43834,Qatar,6,31,2.5,2.5,2.677419,-0.177419,0.832584,0.954951,0.349462,0.949025,0.993416,48,evidentiary,complete_with_known_undercount,2000,20260713,
2026,provisional_M100,full,expanded,all_teams,43835,Saudi Arabia,6,24,2.5,2.833333,2.791667,0.041667,1,1,0.375,0.932034,0.993416,48,evidentiary,complete_with_known_undercount,2000,20260713,
2026,provisional_M100,full,expanded,all_teams,43967,Scotland,5,37,2.5,4.4,2.756757,1.643243,0.009995,0.11994,1.643243,0.009995,0.11994,48,evidentiary,complete_with_known_undercount,2000,20260713,
2026,provisional_M100,full,expanded,all_teams,43879,Senegal,3,33,2.5,3.333333,3.212121,0.121212,1,1,0.787879,0.764618,0.90926,48,evidentiary,complete_with_known_undercount,2000,20260713,
2026,provisional_M100,full,expanded,all_teams,43883,South Africa,7,33,2.5,3.3,2.666667,0.633333,0.323838,0.706556,0.633333,0.483258,0.692125,48,evidentiary,complete_with_known_undercount,2000,20260713,
2026,provisional_M100,full,expanded,all_teams,43969,Spain,5,63,2.5,4,2.777778,1.222222,0.109445,0.437781,1.222222,0.11994,0.407796,48,evidentiary,complete_with_known_undercount,2000,20260713,
2026,provisional_M100,full,expanded,all_teams,43970,Sweden,5,38,2.5,4,2.5,1.5,0.074963,0.423788,1.5,0.075962,0.398201,48,evidentiary,complete_with_known_undercount,2000,20260713,
2026,provisional_M100,full,expanded,all_teams,43971,Switzerland,8,82,2.5,3.25,2.963415,0.286585,0.704148,0.954951,0.865854,0.31934,0.692125,48,evidentiary,complete_with_known_undercount,2000,20260713,
2026,provisional_M100,full,expanded,all_teams,43888,Tunisia,1,27,2.5,3,2.666667,0.333333,1,1,1.592593,1,1,48,non_evidentiary_lt3_cards,complete_with_known_undercount,2000,20260713,Fewer than three retained cards; reported but non-evidentiary.
2026,provisional_M100,full,expanded,all_teams,43972,Türkiye,2,29,2.5,4.5,3.034483,1.465517,0.303348,0.693368,1.465517,0.370315,0.692125,48,non_evidentiary_lt3_cards,complete_with_known_undercount,2000,20260713,Fewer than three retained cards; reported but non-evidentiary.
2026,provisional_M100,full,expanded,all_teams,43921,USA,8,51,2.5,3.473684,2.666667,0.807018,0.225887,0.677661,0.934985,0.181909,0.483548,48,evidentiary,complete_with_known_undercount,2000,20260713,
2026,provisional_M100,full,expanded,all_teams,43930,Uruguay,6,26,2.5,3.666667,2.846154,0.820513,0.293853,0.693368,0.820513,0.363818,0.692125,48,evidentiary,complete_with_known_undercount,2000,20260713,
2026,provisional_M100,full,expanded,all_teams,44005,Uzbekistan,4,41,2.5,1.75,2.487805,-0.737805,0.486757,0.83444,0.920732,0.405797,0.692125,48,evidentiary,complete_with_known_undercount,2000,20260713,
2026,provisional_M100,stripped,expanded,all_teams,43843,Algeria,3,26,2.5,2.666667,2.923077,-0.25641,0.835582,0.978243,0.641026,0.724138,0.891247,48,evidentiary,complete_with_known_undercount,2000,20260713,
2026,provisional_M100,stripped,expanded,all_teams,43922,Argentina,5,69,2.5,5.8,2.521739,3.278261,0.0005,0.011994,3.278261,0.0005,0.011994,48,evidentiary,complete_with_known_undercount,2000,20260713,
2026,provisional_M100,stripped,expanded,all_teams,43976,Australia,5,43,2.5,3.2,3.232558,-0.032558,1,1,0.469767,0.952024,0.993416,48,evidentiary,complete_with_known_undercount,2000,20260713,
2026,provisional_M100,stripped,expanded,all_teams,43934,Austria,5,44,2.5,3.4,2.75,0.65,0.406797,0.751009,0.777273,0.367816,0.658337,48,evidentiary,complete_with_known_undercount,2000,20260713,
2026,provisional_M100,stripped,expanded,all_teams,43935,Belgium,7,71,2.5,3.411765,3.056338,0.355427,0.684158,0.965689,0.882353,0.44028,0.67235,48,evidentiary,complete_with_known_undercount,2000,20260713,
2026,provisional_M100,stripped,expanded,all_teams,44037,Bosnia and Herzegovina,8,53,2.5,4.052632,2.54717,1.505462,0.016492,0.131934,1.505462,0.016492,0.131934,48,evidentiary,complete_with_known_undercount,2000,20260713,
2026,provisional_M100,stripped,expanded,all_teams,43924,Brazil,8,43,2.5,3.125,2.953488,0.171512,0.805597,0.978243,0.188953,0.973013,0.993716,48,evidentiary,complete_with_known_undercount,2000,20260713,
2026,provisional_M100,stripped,expanded,all_teams,43850,Cabo Verde,5,23,2.5,2,3.304348,-1.304348,0.09995,0.477579,1.304348,0.130935,0.433283,48,evidentiary,complete_with_known_undercount,2000,20260713,
2026,provisional_M100,stripped,expanded,all_teams,43899,Canada,11,63,2.5,2.545455,2.777778,-0.232323,0.661169,0.961701,0.500722,0.422289,0.67235,48,evidentiary,complete_with_known_undercount,2000,20260713,
2026,provisional_M100,stripped,expanded,all_teams,43926,Colombia,8,63,2.5,3.5,3.365079,0.134921,0.835582,0.978243,0.595238,0.547726,0.730302,48,evidentiary,complete_with_known_undercount,2000,20260713,
2026,provisional_M100,stripped,expanded,all_teams,20014,Congo DR,5,38,2.5,2,2.815789,-0.815789,0.1994,0.605697,0.973684,0.184908,0.46057,48,evidentiary,complete_with_known_undercount,2000,20260713,
2026,provisional_M100,stripped,expanded,all_teams,43938,Croatia,4,41,2.5,4.25,2.878049,1.371951,0.135432,0.541729,1.371951,0.144428,0.433283,48,evidentiary,complete_with_known_undercount,2000,20260713,
2026,provisional_M100,stripped,expanded,all_teams,1895293,Curaçao,7,26,2.5,4,2.076923,1.923077,0.0005,0.011994,1.923077,0.0005,0.011994,48,evidentiary,complete_with_known_undercount,2000,20260713,
2026,provisional_M100,stripped,expanded,all_teams,43995,Czechia,1,36,2.5,5,2.694444,2.305556,0.268866,0.633075,2.305556,0.268866,0.586616,48,non_evidentiary_lt3_cards,complete_with_known_undercount,2000,20260713,Fewer than three retained cards; reported but non-evidentiary.
2026,provisional_M100,stripped,expanded,all_teams,43854,Côte d'Ivoire,4,25,2.5,1.75,2.84,-1.09,0.249375,0.633075,1.41,0.13993,0.433283,48,evidentiary,complete_with_known_undercount,2000,20260713,
2026,provisional_M100,stripped,expanded,all_teams,43927,Ecuador,7,42,2.5,4.176471,2.785714,1.390756,0.052974,0.317841,1.390756,0.054973,0.329835,48,evidentiary,complete_with_known_undercount,2000,20260713,
2026,provisional_M100,stripped,expanded,all_teams,43855,Egypt,9,50,2.5,3.222222,3.14,0.082222,0.91904,1,0.882222,0.14093,0.433283,48,evidentiary,complete_with_known_undercount,2000,20260713,
2026,provisional_M100,stripped,expanded,all_teams,43942,England,6,59,2.5,2.466667,3.067797,-0.60113,0.475262,0.805666,0.750282,0.617191,0.77961,48,evidentiary,complete_with_known_undercount,2000,20260713,
2026,provisional_M100,stripped,expanded,all_teams,43946,France,4,56,2.5,3.75,2.535714,1.214286,0.201899,0.605697,1.214286,0.231384,0.528878,48,evidentiary,complete_with_known_undercount,2000,20260713,
2026,provisional_M100,stripped,expanded,all_teams,43948,Germany,3,48,2.5,5.333333,2.854167,2.479167,0.015492,0.131934,2.479167,0.015492,0.131934,48,evidentiary,complete_with_known_undercount,2000,20260713,
2026,provisional_M100,stripped,expanded,all_teams,43860,Ghana,6,51,2.5,3.666667,3,0.666667,0.395802,0.751009,0.666667,0.474263,0.67235,48,evidentiary,complete_with_known_undercount,2000,20260713,
2026,provisional_M100,stripped,expanded,all_teams,43908,Haiti,5,50,2.5,2.6,2.82,-0.22,0.78011,0.978243,0.3,0.935532,0.993416,48,evidentiary,complete_with_known_undercount,2000,20260713,
2026,provisional_M100,stripped,expanded,all_teams,43817,IR Iran,6,29,2.5,3.333333,3.034483,0.298851,0.631684,0.961701,0.528736,0.573213,0.743628,48,evidentiary,complete_with_known_undercount,2000,20260713,
2026,provisional_M100,stripped,expanded,all_teams,43818,Iraq,5,23,2.5,2.307692,2.695652,-0.38796,0.656672,0.961701,1.103679,0.191404,0.46057,48,evidentiary,complete_with_known_undercount,2000,20260713,
2026,provisional_M100,stripped,expanded,all_teams,43819,Japan,4,51,2.5,3,2.764706,0.235294,0.884058,0.986855,0.5,0.792104,0.905262,48,evidentiary,complete_with_known_undercount,2000,20260713,
2026,provisional_M100,stripped,expanded,all_teams,43820,Jordan,4,27,2.5,3.5,3.185185,0.314815,0.736632,0.978243,0.759259,0.444778,0.67235,48,evidentiary,complete_with_known_undercount,2000,20260713,
2026,provisional_M100,stripped,expanded,all_teams,43822,Korea Republic,4,21,2.5,3.25,2.619048,0.630952,0.470265,0.805666,0.845238,0.472764,0.67235,48,evidentiary,complete_with_known_undercount,2000,20260713,
2026,provisional_M100,stripped,expanded,all_teams,43911,Mexico,4,55,2.5,3.909091,2.545455,1.363636,0.185407,0.605697,1.363636,0.191904,0.46057,48,evidentiary,complete_with_known_undercount,2000,20260713,
2026,provisional_M100,stripped,expanded,all_teams,43872,Morocco,7,68,2.5,2.142857,3.191176,-1.048319,0.182409,0.605697,1.342437,0.082959,0.398201,48,evidentiary,complete_with_known_undercount,2000,20260713,
2026,provisional_M100,stripped,expanded,all_teams,43960,Netherlands,3,41,2.5,4.666667,3.195122,1.471545,0.281359,0.633075,1.910569,0.142429,0.433283,48,evidentiary,complete_with_known_undercount,2000,20260713,
2026,provisional_M100,stripped,expanded,all_teams,43978,New Zealand,4,28,2.5,2.25,2.678571,-0.428571,0.657671,0.961701,0.785714,0.490255,0.67235,48,evidentiary,complete_with_known_undercount,2000,20260713,
2026,provisional_M100,stripped,expanded,all_teams,43961,Norway,2,56,2.5,1,2.767857,-1.767857,0.277361,0.633075,1.767857,0.357821,0.658337,48,non_evidentiary_lt3_cards,complete_with_known_undercount,2000,20260713,Fewer than three retained cards; reported but non-evidentiary.
2026,provisional_M100,stripped,expanded,all_teams,43914,Panama,5,41,2.5,4.2,2.365854,1.834146,0.005997,0.095952,1.834146,0.005997,0.095952,48,evidentiary,complete_with_known_undercount,2000,20260713,
2026,provisional_M100,stripped,expanded,all_teams,43928,Paraguay,10,57,2.5,3.391304,3.22807,0.163234,0.802599,0.978243,0.370709,0.870065,0.971235,48,evidentiary,complete_with_known_undercount,2000,20260713,
2026,provisional_M100,stripped,expanded,all_teams,43963,Portugal,7,37,2.5,3.571429,2.459459,1.111969,0.045477,0.311844,1.212355,0.024988,0.171343,48,evidentiary,complete_with_known_undercount,2000,20260713,
2026,provisional_M100,stripped,expanded,all_teams,43834,Qatar,5,31,2.5,2.8125,2.677419,0.135081,0.88006,0.986855,0.546371,0.785107,0.905262,48,evidentiary,complete_with_known_undercount,2000,20260713,
2026,provisional_M100,stripped,expanded,all_teams,43835,Saudi Arabia,6,24,2.5,2.833333,2.791667,0.041667,1,1,0.375,0.932034,0.993416,48,evidentiary,complete_with_known_undercount,2000,20260713,
2026,provisional_M100,stripped,expanded,all_teams,43967,Scotland,5,37,2.5,4.4,2.756757,1.643243,0.009995,0.11994,1.643243,0.009995,0.11994,48,evidentiary,complete_with_known_undercount,2000,20260713,
2026,provisional_M100,stripped,expanded,all_teams,43879,Senegal,3,33,2.5,3.333333,3.212121,0.121212,1,1,0.787879,0.764618,0.905262,48,evidentiary,complete_with_known_undercount,2000,20260713,
2026,provisional_M100,stripped,expanded,all_teams,43883,South Africa,7,33,2.5,3.3,2.666667,0.633333,0.323838,0.647676,0.633333,0.483258,0.67235,48,evidentiary,complete_with_known_undercount,2000,20260713,
2026,provisional_M100,stripped,expanded,all_teams,43969,Spain,5,63,2.5,4,2.777778,1.222222,0.109445,0.477579,1.222222,0.11994,0.433283,48,evidentiary,complete_with_known_undercount,2000,20260713,
2026,provisional_M100,stripped,expanded,all_teams,43970,Sweden,5,38,2.5,4,2.5,1.5,0.074963,0.3998,1.5,0.075962,0.398201,48,evidentiary,complete_with_known_undercount,2000,20260713,
2026,provisional_M100,stripped,expanded,all_teams,43971,Switzerland,8,82,2.5,3.25,2.963415,0.286585,0.704148,0.965689,0.865854,0.31934,0.658337,48,evidentiary,complete_with_known_undercount,2000,20260713,
2026,provisional_M100,stripped,expanded,all_teams,43888,Tunisia,1,27,2.5,3,2.666667,0.333333,1,1,1.592593,1,1,48,non_evidentiary_lt3_cards,complete_with_known_undercount,2000,20260713,Fewer than three retained cards; reported but non-evidentiary.
2026,provisional_M100,stripped,expanded,all_teams,43972,Türkiye,2,29,2.5,4.5,3.034483,1.465517,0.303348,0.633075,1.465517,0.370315,0.658337,48,non_evidentiary_lt3_cards,complete_with_known_undercount,2000,20260713,Fewer than three retained cards; reported but non-evidentiary.
2026,provisional_M100,stripped,expanded,all_teams,43921,USA,8,51,2.5,3.473684,2.666667,0.807018,0.225887,0.633075,0.934985,0.181909,0.46057,48,evidentiary,complete_with_known_undercount,2000,20260713,
2026,provisional_M100,stripped,expanded,all_teams,43930,Uruguay,6,26,2.5,3.666667,2.846154,0.820513,0.293853,0.633075,0.820513,0.363818,0.658337,48,evidentiary,complete_with_known_undercount,2000,20260713,
2026,provisional_M100,stripped,expanded,all_teams,44005,Uzbekistan,4,41,2.5,1.75,2.487805,-0.737805,0.486757,0.805666,0.920732,0.405797,0.67235,48,evidentiary,complete_with_known_undercount,2000,20260713,
2026,provisional_M100,full,knockout,knockout_teams,43843,Algeria,2,10,2.5,3,3.1,-0.1,1,1,0.7,0.809095,0.873823,27,non_evidentiary_lt3_cards,complete_with_known_undercount,2000,20260713,Fewer than three retained cards; reported but non-evidentiary.
2026,provisional_M100,full,knockout,knockout_teams,43922,Argentina,4,37,2.5,6.5,2.621622,3.878378,0.0005,0.006747,3.878378,0.0005,0.006747,27,evidentiary,complete_with_known_undercount,2000,20260713,
2026,provisional_M100,full,knockout,knockout_teams,43976,Australia,0,12,2.5,,,,,,,,,27,zero_cards_excluded_from_m,complete_with_known_undercount,2000,20260713,No retained card; statistic undefined and excluded from BH m.
2026,provisional_M100,full,knockout,knockout_teams,43934,Austria,1,14,2.5,5,2.928571,2.071429,0.22089,0.585117,2.071429,0.35932,0.578711,27,non_evidentiary_lt3_cards,complete_with_known_undercount,2000,20260713,Fewer than three retained cards; reported but non-evidentiary.
2026,provisional_M100,full,knockout,knockout_teams,43935,Belgium,3,46,2.5,4.666667,3.5,1.166667,0.417791,0.752024,1.644928,0.243378,0.547601,27,evidentiary,complete_with_known_undercount,2000,20260713,
2026,provisional_M100,full,knockout,knockout_teams,44037,Bosnia and Herzegovina,1,12,2.5,5,2.666667,2.333333,0.588206,0.901207,2.333333,0.588206,0.756265,27,non_evidentiary_lt3_cards,complete_with_known_undercount,2000,20260713,Fewer than three retained cards; reported but non-evidentiary.
2026,provisional_M100,full,knockout,knockout_teams,43924,Brazil,3,8,2.5,2.666667,2.75,-0.083333,1,1,1,0.015992,0.107946,27,evidentiary,complete_with_known_undercount,2000,20260713,
2026,provisional_M100,full,knockout,knockout_teams,43850,Cabo Verde,1,11,2.5,4,4.090909,-0.090909,1,1,1.727273,0.643678,0.771462,27,non_evidentiary_lt3_cards,complete_with_known_undercount,2000,20260713,Fewer than three retained cards; reported but non-evidentiary.
2026,provisional_M100,full,knockout,knockout_teams,43899,Canada,6,35,2.5,3,2.457143,0.542857,0.454773,0.767429,1.019048,0.155422,0.41964,27,evidentiary,complete_with_known_undercount,2000,20260713,
2026,provisional_M100,full,knockout,knockout_teams,43926,Colombia,4,31,2.5,3.75,3.483871,0.266129,0.7991,0.980714,0.685484,0.849075,0.881732,27,evidentiary,complete_with_known_undercount,2000,20260713,
2026,provisional_M100,full,knockout,knockout_teams,20014,Congo DR,1,11,2.5,1,3.090909,-2.090909,0.092454,0.416042,2.272727,0.092454,0.312031,27,non_evidentiary_lt3_cards,complete_with_known_undercount,2000,20260713,Fewer than three retained cards; reported but non-evidentiary.
2026,provisional_M100,full,knockout,knockout_teams,43938,Croatia,2,10,2.5,4,2.2,1.8,0.048976,0.264468,1.8,0.048976,0.22039,27,non_evidentiary_lt3_cards,complete_with_known_undercount,2000,20260713,Fewer than three retained cards; reported but non-evidentiary.
2026,provisional_M100,full,knockout,knockout_teams,43854,Côte d'Ivoire,0,6,2.5,,,,,,,,,27,zero_cards_excluded_from_m,complete_with_known_undercount,2000,20260713,No retained card; statistic undefined and excluded from BH m.
2026,provisional_M100,full,knockout,knockout_teams,43927,Ecuador,4,11,2.5,4.454545,3.181818,1.272727,0.194403,0.583208,1.272727,0.216892,0.53237,27,evidentiary,complete_with_known_undercount,2000,20260713,
2026,provisional_M100,full,knockout,knockout_teams,43855,Egypt,5,22,2.5,5.6,3.363636,2.236364,0.003498,0.031484,2.236364,0.003498,0.031484,27,evidentiary,complete_with_known_undercount,2000,20260713,
2026,provisional_M100,full,knockout,knockout_teams,43942,England,6,23,2.5,2.866667,3.173913,-0.307246,0.767116,0.980714,0.730435,0.657171,0.771462,27,evidentiary,complete_with_known_undercount,2000,20260713,
2026,provisional_M100,full,knockout,knockout_teams,43946,France,3,33,2.5,3.666667,2.606061,1.060606,0.306347,0.646712,1.181818,0.42079,0.597964,27,evidentiary,complete_with_known_undercount,2000,20260713,
2026,provisional_M100,full,knockout,knockout_teams,43948,Germany,2,16,2.5,7,2.875,4.125,0.0005,0.006747,4.125,0.0005,0.006747,27,non_evidentiary_lt3_cards,complete_with_known_undercount,2000,20260713,Fewer than three retained cards; reported but non-evidentiary.
2026,provisional_M100,full,knockout,knockout_teams,43860,Ghana,3,8,2.5,4,4.125,-0.125,1,1,0.208333,1,1,27,evidentiary,complete_with_known_undercount,2000,20260713,
2026,provisional_M100,full,knockout,knockout_teams,43819,Japan,3,10,2.5,2.333333,3,-0.666667,0.617191,0.901207,0.666667,0.781109,0.873823,27,evidentiary,complete_with_known_undercount,2000,20260713,
2026,provisional_M100,full,knockout,knockout_teams,43911,Mexico,2,24,2.5,4.5,2.333333,2.166667,0.113943,0.439495,2.166667,0.113943,0.341829,27,non_evidentiary_lt3_cards,complete_with_known_undercount,2000,20260713,Fewer than three retained cards; reported but non-evidentiary.
2026,provisional_M100,full,knockout,knockout_teams,43872,Morocco,6,37,2.5,2.333333,3.513514,-1.18018,0.149925,0.505997,1.603604,0.061969,0.239023,27,evidentiary,complete_with_known_undercount,2000,20260713,
2026,provisional_M100,full,knockout,knockout_teams,43960,Netherlands,0,18,2.5,,,,,,,,,27,zero_cards_excluded_from_m,complete_with_known_undercount,2000,20260713,No retained card; statistic undefined and excluded from BH m.
2026,provisional_M100,full,knockout,knockout_teams,43961,Norway,2,22,2.5,4.5,2.954545,1.545455,0.330835,0.646712,1.545455,0.463768,0.626087,27,non_evidentiary_lt3_cards,complete_with_known_undercount,2000,20260713,Fewer than three retained cards; reported but non-evidentiary.
2026,provisional_M100,full,knockout,knockout_teams,43928,Paraguay,2,23,2.5,5.5,4.086957,1.413043,0.335332,0.646712,1.456522,0.385807,0.578711,27,non_evidentiary_lt3_cards,complete_with_known_undercount,2000,20260713,Fewer than three retained cards; reported but non-evidentiary.
2026,provisional_M100,full,knockout,knockout_teams,43963,Portugal,3,12,2.5,3.666667,1.916667,1.75,0.021989,0.148426,1.75,0.021989,0.118741,27,evidentiary,complete_with_known_undercount,2000,20260713,
2026,provisional_M100,full,knockout,knockout_teams,43879,Senegal,1,11,2.5,4,3.454545,0.545455,0.634183,0.901207,1.636364,0.286857,0.553223,27,non_evidentiary_lt3_cards,complete_with_known_undercount,2000,20260713,Fewer than three retained cards; reported but non-evidentiary.
2026,provisional_M100,full,knockout,knockout_teams,43883,South Africa,0,10,2.5,,,,,,,,,27,zero_cards_excluded_from_m,complete_with_known_undercount,2000,20260713,No retained card; statistic undefined and excluded from BH m.
2026,provisional_M100,full,knockout,knockout_teams,43969,Spain,3,31,2.5,4,2.709677,1.290323,0.238381,0.585117,1.290323,0.272864,0.553223,27,evidentiary,complete_with_known_undercount,2000,20260713,
2026,provisional_M100,full,knockout,knockout_teams,43970,Sweden,0,10,2.5,,,,,,,,,27,zero_cards_excluded_from_m,complete_with_known_undercount,2000,20260713,No retained card; statistic undefined and excluded from BH m.
2026,provisional_M100,full,knockout,knockout_teams,43971,Switzerland,5,47,2.5,3.6,3.489362,0.110638,0.936032,1,1.106383,0.369315,0.578711,27,evidentiary,complete_with_known_undercount,2000,20260713,
2026,provisional_M100,full,knockout,knockout_teams,43921,USA,3,16,2.5,3.555556,3.0625,0.493056,0.734133,0.980714,1.368056,0.307846,0.554123,27,evidentiary,complete_with_known_undercount,2000,20260713,
2026,provisional_M100,stripped,knockout,knockout_teams,43843,Algeria,2,10,2.5,3,3.1,-0.1,1,1,0.7,0.809095,0.910232,27,non_evidentiary_lt3_cards,complete_with_known_undercount,2000,20260713,Fewer than three retained cards; reported but non-evidentiary.
2026,provisional_M100,stripped,knockout,knockout_teams,43922,Argentina,3,37,2.5,6.333333,2.621622,3.711712,0.001499,0.02024,3.711712,0.001499,0.02024,27,evidentiary,complete_with_known_undercount,2000,20260713,
2026,provisional_M100,stripped,knockout,knockout_teams,43976,Australia,0,12,2.5,,,,,,,,,27,zero_cards_excluded_from_m,complete_with_known_undercount,2000,20260713,No retained card; statistic undefined and excluded from BH m.
2026,provisional_M100,stripped,knockout,knockout_teams,43934,Austria,1,14,2.5,5,2.928571,2.071429,0.22089,0.643628,2.071429,0.35932,0.612752,27,non_evidentiary_lt3_cards,complete_with_known_undercount,2000,20260713,Fewer than three retained cards; reported but non-evidentiary.
2026,provisional_M100,stripped,knockout,knockout_teams,43935,Belgium,3,46,2.5,4.666667,3.5,1.166667,0.417791,0.850918,1.644928,0.243378,0.593703,27,evidentiary,complete_with_known_undercount,2000,20260713,
2026,provisional_M100,stripped,knockout,knockout_teams,44037,Bosnia and Herzegovina,1,12,2.5,5,2.666667,2.333333,0.588206,0.901207,2.333333,0.588206,0.756265,27,non_evidentiary_lt3_cards,complete_with_known_undercount,2000,20260713,Fewer than three retained cards; reported but non-evidentiary.
2026,provisional_M100,stripped,knockout,knockout_teams,43924,Brazil,3,8,2.5,2.666667,2.75,-0.083333,1,1,1,0.015992,0.107946,27,evidentiary,complete_with_known_undercount,2000,20260713,
2026,provisional_M100,stripped,knockout,knockout_teams,43850,Cabo Verde,1,11,2.5,4,4.090909,-0.090909,1,1,1.727273,0.643678,0.789969,27,non_evidentiary_lt3_cards,complete_with_known_undercount,2000,20260713,Fewer than three retained cards; reported but non-evidentiary.
2026,provisional_M100,stripped,knockout,knockout_teams,43899,Canada,6,35,2.5,3,2.457143,0.542857,0.454773,0.850918,1.019048,0.155422,0.41964,27,evidentiary,complete_with_known_undercount,2000,20260713,
2026,provisional_M100,stripped,knockout,knockout_teams,43926,Colombia,4,31,2.5,3.75,3.483871,0.266129,0.7991,1,0.685484,0.849075,0.917001,27,evidentiary,complete_with_known_undercount,2000,20260713,
2026,provisional_M100,stripped,knockout,knockout_teams,20014,Congo DR,1,11,2.5,1,3.090909,-2.090909,0.092454,0.416042,2.272727,0.092454,0.312031,27,non_evidentiary_lt3_cards,complete_with_known_undercount,2000,20260713,Fewer than three retained cards; reported but non-evidentiary.
2026,provisional_M100,stripped,knockout,knockout_teams,43938,Croatia,2,10,2.5,4,2.2,1.8,0.048976,0.264468,1.8,0.048976,0.22039,27,non_evidentiary_lt3_cards,complete_with_known_undercount,2000,20260713,Fewer than three retained cards; reported but non-evidentiary.
2026,provisional_M100,stripped,knockout,knockout_teams,43854,Côte d'Ivoire,0,6,2.5,,,,,,,,,27,zero_cards_excluded_from_m,complete_with_known_undercount,2000,20260713,No retained card; statistic undefined and excluded from BH m.
2026,provisional_M100,stripped,knockout,knockout_teams,43927,Ecuador,3,11,2.5,5,3.181818,1.818182,0.121939,0.470336,1.818182,0.129935,0.389805,27,evidentiary,complete_with_known_undercount,2000,20260713,
2026,provisional_M100,stripped,knockout,knockout_teams,43855,Egypt,3,22,2.5,6,3.363636,2.636364,0.009995,0.089955,2.636364,0.009995,0.089955,27,evidentiary,complete_with_known_undercount,2000,20260713,
2026,provisional_M100,stripped,knockout,knockout_teams,43942,England,4,23,2.5,2.272727,3.173913,-0.901186,0.504248,0.850918,1.130435,0.563218,0.756265,27,evidentiary,complete_with_known_undercount,2000,20260713,
2026,provisional_M100,stripped,knockout,knockout_teams,43946,France,3,33,2.5,3.666667,2.606061,1.060606,0.306347,0.751942,1.181818,0.42079,0.631184,27,evidentiary,complete_with_known_undercount,2000,20260713,
2026,provisional_M100,stripped,knockout,knockout_teams,43948,Germany,2,16,2.5,7,2.875,4.125,0.0005,0.013493,4.125,0.0005,0.013493,27,non_evidentiary_lt3_cards,complete_with_known_undercount,2000,20260713,Fewer than three retained cards; reported but non-evidentiary.
2026,provisional_M100,stripped,knockout,knockout_teams,43860,Ghana,3,8,2.5,4,4.125,-0.125,1,1,0.208333,1,1,27,evidentiary,complete_with_known_undercount,2000,20260713,
2026,provisional_M100,stripped,knockout,knockout_teams,43819,Japan,3,10,2.5,2.333333,3,-0.666667,0.617191,0.901207,0.666667,0.781109,0.910232,27,evidentiary,complete_with_known_undercount,2000,20260713,
2026,provisional_M100,stripped,knockout,knockout_teams,43911,Mexico,1,24,2.5,4,2.333333,1.666667,0.49975,0.850918,2,0.49975,0.710171,27,non_evidentiary_lt3_cards,complete_with_known_undercount,2000,20260713,Fewer than three retained cards; reported but non-evidentiary.
2026,provisional_M100,stripped,knockout,knockout_teams,43872,Morocco,6,37,2.5,2.333333,3.513514,-1.18018,0.149925,0.505997,1.603604,0.061969,0.239023,27,evidentiary,complete_with_known_undercount,2000,20260713,
2026,provisional_M100,stripped,knockout,knockout_teams,43960,Netherlands,0,18,2.5,,,,,,,,,27,zero_cards_excluded_from_m,complete_with_known_undercount,2000,20260713,No retained card; statistic undefined and excluded from BH m.
2026,provisional_M100,stripped,knockout,knockout_teams,43961,Norway,1,22,2.5,2,2.954545,-0.954545,0.913543,1,1.772727,1,1,27,non_evidentiary_lt3_cards,complete_with_known_undercount,2000,20260713,Fewer than three retained cards; reported but non-evidentiary.
2026,provisional_M100,stripped,knockout,knockout_teams,43928,Paraguay,2,23,2.5,5.5,4.086957,1.413043,0.335332,0.754498,1.456522,0.385807,0.612752,27,non_evidentiary_lt3_cards,complete_with_known_undercount,2000,20260713,Fewer than three retained cards; reported but non-evidentiary.
2026,provisional_M100,stripped,knockout,knockout_teams,43963,Portugal,3,12,2.5,3.666667,1.916667,1.75,0.021989,0.148426,1.75,0.021989,0.118741,27,evidentiary,complete_with_known_undercount,2000,20260713,
2026,provisional_M100,stripped,knockout,knockout_teams,43879,Senegal,1,11,2.5,4,3.454545,0.545455,0.634183,0.901207,1.636364,0.286857,0.593703,27,non_evidentiary_lt3_cards,complete_with_known_undercount,2000,20260713,Fewer than three retained cards; reported but non-evidentiary.
2026,provisional_M100,stripped,knockout,knockout_teams,43883,South Africa,0,10,2.5,,,,,,,,,27,zero_cards_excluded_from_m,complete_with_known_undercount,2000,20260713,No retained card; statistic undefined and excluded from BH m.
2026,provisional_M100,stripped,knockout,knockout_teams,43969,Spain,3,31,2.5,4,2.709677,1.290323,0.238381,0.643628,1.290323,0.272864,0.593703,27,evidentiary,complete_with_known_undercount,2000,20260713,
2026,provisional_M100,stripped,knockout,knockout_teams,43970,Sweden,0,10,2.5,,,,,,,,,27,zero_cards_excluded_from_m,complete_with_known_undercount,2000,20260713,No retained card; statistic undefined and excluded from BH m.
2026,provisional_M100,stripped,knockout,knockout_teams,43971,Switzerland,5,47,2.5,3.6,3.489362,0.110638,0.936032,1,1.106383,0.369315,0.612752,27,evidentiary,complete_with_known_undercount,2000,20260713,
2026,provisional_M100,stripped,knockout,knockout_teams,43921,USA,3,16,2.5,3.555556,3.0625,0.493056,0.734133,0.991079,1.368056,0.307846,0.593703,27,evidentiary,complete_with_known_undercount,2000,20260713,
